Timestamp,n-payments-per-block,miners-revenue,trade-volume,avg-block-size,n-unique-addresses,difficulty,hash-rate
11/1/2018 0:00,2851,12416572,232850456,0.979455208,505058,7180000000000,51977956
11/2/2018 0:00,3487,11791349,198797396,1.11705493,565269,7180000000000,52845282
11/3/2018 0:00,2448,12840789,191863094,0.885550503,453208,7180000000000,52846859
11/4/2018 0:00,2895,9959013,174563105,1.036362992,418053,7180000000000,54123854
11/5/2018 0:00,3192,11736833,185104915,1.043402881,531376,7180000000000,53309080
11/6/2018 0:00,3426,10388473,161192819,1.072038438,519342,7180000000000,53157631
11/7/2018 0:00,3461,10876602,225775396,1.144160846,522948,7180000000000,51832814
11/8/2018 0:00,3551,9902899,264201215,1.169965612,498004,7180000000000,50150957
11/9/2018 0:00,3744,10262803,268942798,1.13519578,541364,7180000000000,48468825
11/10/2018 0:00,2983,10836466,217084528,0.955554313,448643,7180000000000,47652507
11/11/2018 0:00,2620,11660744,115043643,0.874062295,422963,7180000000000,46121913
11/12/2018 0:00,3300,11404615,149652633,1.066877571,510342,7180000000000,47244349
11/13/2018 0:00,3589,9557212,192257209,1.110003267,491741,7180000000000,47091289
11/14/2018 0:00,3472,10486098,238882632,1.094776667,524970,7180000000000,46683131
11/15/2018 0:00,3696,8932985,1068777740,1.193645071,523899,7180000000000,46938230
11/16/2018 0:00,3791,8908269,824845118,1.158173595,533315,7180000000000,47244349
11/17/2018 0:00,2787,10338424,377515424,0.914248869,428640,6650000000000,47185786
11/18/2018 0:00,3025,8599721,187745033,0.954274699,393876,6650000000000,47353181
11/19/2018 0:00,3402,8462807,215735178,1.100711952,470247,6650000000000,45715818
11/20/2018 0:00,3631,7923555,1050101739,1.203740303,543711,6650000000000,44526319
11/21/2018 0:00,3976,6049616,1455657698,1.213546219,472552,6650000000000,44640705
11/22/2018 0:00,3479,6996200,714495052,1.218455311,467175,6650000000000,42714093
11/23/2018 0:00,3656,6900149,377515099,1.131096584,479022,6650000000000,41998858
11/24/2018 0:00,2734,7770116,489895165,0.980274238,406861,6650000000000,41483931
11/25/2018 0:00,3042,6188076,606098172,1.010554047,410530,6650000000000,41389435
11/26/2018 0:00,3768,5473563,929763667,1.186164189,469613,6650000000000,41578428
11/27/2018 0:00,3220,6208587,784661845,1.071254038,462322,6650000000000,40869705
11/28/2018 0:00,3461,6083836,629563909,1.111968441,454764,6650000000000,40822456
11/29/2018 0:00,3873,5723626,785160276,1.202130114,461335,6650000000000,41436683
11/30/2018 0:00,4037,5401821,564041239,1.209791366,460123,6650000000000,40633463
12/1/2018 0:00,3168,6537919,587915220,1.068438403,420225,6650000000000,39499506
12/2/2018 0:00,3016,5968275,338385024,1.005271763,364379,6650000000000,38601790
12/3/2018 0:00,3433,5738093,314509625,1.101028246,426800,6190000000000,37987563
12/4/2018 0:00,3195,7036399,439270977,1.083459616,492965,5650000000000,37757484
12/5/2018 0:00,3156,6291959,387631023,1.036768085,438438,5650000000000,37101458
12/6/2018 0:00,3337,6343227,412960592,1.09192977,480400,5650000000000,36738876
12/7/2018 0:00,3947,4960658,549968244,1.222291368,495221,5650000000000,37191010
12/8/2018 0:00,2863,5447972,803255175,0.970701047,382550,5650000000000,36990084
12/9/2018 0:00,2834,5614632,501085555,0.948841625,364579,5650000000000,36223720
12/10/2018 0:00,3352,5539421,324458240,1.141154274,443067,5650000000000,35969936
12/11/2018 0:00,3157,5337997,365665862,1.07667292,432511,5650000000000,35927585
12/12/2018 0:00,3386,5160391,306997666,1.1335625,439270,5650000000000,35406314
12/13/2018 0:00,3165,5827864,300332651,1.084257023,439018,5650000000000,35005337
12/14/2018 0:00,3056,5982324,356414349,1.05868513,464524,5650000000000,34844946
12/15/2018 0:00,2675,6057976,406362869,0.941854396,397644,5650000000000,36128074
12/16/2018 0:00,3067,4666604,215891782,1.019919557,364388,5650000000000,37010224
12/17/2018 0:00,2832,6740883,240419049,0.990779437,466784,5650000000000,36488954
12/18/2018 0:00,3294,5692744,501899316,1.078395297,461773,5620000000000,37932473
12/19/2018 0:00,3151,7089583,534591295,1.084764671,495568,5110000000000,38029758
12/20/2018 0:00,3300,6721946,634009811,1.139195022,475406,5110000000000,38621229
12/21/2018 0:00,3293,7076087,938950260,1.048346286,492726,5110000000000,38263941
12/22/2018 0:00,2196,8594155,517173187,0.806539171,386813,5110000000000,37486503
12/23/2018 0:00,2188,8916949,308837573,0.740468193,371648,5110000000000,37857979
12/24/2018 0:00,2745,8231394,363146371,0.932735355,419725,5110000000000,39629043
12/25/2018 0:00,2484,7569828,527571935,0.821911176,353052,5110000000000,38725393
12/26/2018 0:00,2692,7478294,434097463,0.889580548,397075,5110000000000,39381720
12/27/2018 0:00,2606,8145258,332210351,0.885621408,434318,5110000000000,39671825
12/28/2018 0:00,2954,7898836,337691485,0.93054403,485694,5110000000000,41086086
12/29/2018 0:00,3006,6745781,411735064,0.973710138,423956,5110000000000,42065189
12/30/2018 0:00,2344,8578279,273159528,0.76248679,391259,5110000000000,40723455
12/31/2018 0:00,2605,7453244,269191858,0.888393981,391031,5250000000000,40723455
1/1/2019 0:00,2306,7012104,269488845,0.801778946,310120,5620000000000,40988643
1/2/2019 0:00,2738,7474829,241928399,0.947860662,415822,5620000000000,41167952
1/3/2019 0:00,2824,7679487,316777254,0.966222342,450626,5620000000000,41499587
1/4/2019 0:00,2961,7115351,176624966,0.959198758,454702,5620000000000,41374351
1/5/2019 0:00,2390,8052391,293647135,0.812945822,385489,5620000000000,41263555
1/6/2019 0:00,2753,7171472,153177701,0.82667539,389294,5620000000000,42762993
1/7/2019 0:00,3050,7286415,262637390,0.984752745,448076,5620000000000,42006627
1/8/2019 0:00,2764,8944897,314915701,0.86793,465085,5620000000000,41855387
1/9/2019 0:00,2881,8518054,298841667,0.884137811,463346,5620000000000,42653392
1/10/2019 0:00,3204,7609635,371858817,0.970871821,489566,5620000000000,43172096
1/11/2019 0:00,3300,6809815,465176834,0.983164703,486650,5620000000000,43211996
1/12/2019 0:00,2979,6407919,307270949,0.896714659,396628,5620000000000,43172096
1/13/2019 0:00,2942,6266418,193636745,0.853370891,372207,5620000000000,42174589
1/14/2019 0:00,3212,6736884,170721560,0.956647966,455377,5860000000000,42014988
1/15/2019 0:00,3460,6183026,274892455,1.065034848,466212,5880000000000,42592391
1/16/2019 0:00,3594,6073705,273280909,1.11209812,493982,5880000000000,41364858
1/17/2019 0:00,3540,5891153,237255850,1.097214181,462879,5880000000000,40378612
1/18/2019 0:00,3477,6307175,242822025,1.037986,484530,5880000000000,39460858
1/19/2019 0:00,3138,6354783,193239372,0.95912206,400053,5880000000000,39321940
1/20/2019 0:00,2667,7150097,205575557,0.805785057,379374,5880000000000,39373101
1/21/2019 0:00,3103,6879084,214411840,0.943183713,449404,5880000000000,40467001
1/22/2019 0:00,3396,5844343,200754428,1.055254915,450118,5880000000000,40531402
1/23/2019 0:00,3300,6683462,209940368,1.026111377,482794,5880000000000,40447832
1/24/2019 0:00,2861,7364948,204197870,0.911348741,470446,5880000000000,40991036
1/25/2019 0:00,3502,6309970,151516265,1.017360051,492261,5880000000000,42453509
1/26/2019 0:00,3075,6857449,184223341,0.98073546,444594,5880000000000,42453509
1/27/2019 0:00,2968,6393436,157218440,0.881242818,383276,5880000000000,43163854
1/28/2019 0:00,3238,6318407,162815294,1.022644421,481279,5840000000000,42328155
1/29/2019 0:00,3322,6364552,219370864,1.010222788,480702,5810000000000,42070490
1/30/2019 0:00,3488,5884537,125314902,1.074707971,462721,5810000000000,42667171
1/31/2019 0:00,3340,6731427,160951786,1.015420213,487936,5810000000000,42182366
2/1/2019 0:00,3261,6857975,112849978,1.024592437,502881,5810000000000,41813561
2/2/2019 0:00,3237,6325531,119780828,0.981337799,418174,5810000000000,42571474
2/3/2019 0:00,3086,6044025,73800005,0.93550021,389608,5810000000000,42249870
2/4/2019 0:00,3244,6411524,80969399,1.012398531,456122,5810000000000,42223715
2/5/2019 0:00,3504,6422102,63553034,1.051188286,503603,5810000000000,42283654
2/6/2019 0:00,3039,6985846,75066281,1.050370409,482655,5810000000000,42324946
2/7/2019 0:00,2854,7375022,143900702,0.942216902,474847,5810000000000,43481140
2/8/2019 0:00,3165,7184754,58905095,0.984610681,516886,5810000000000,44265700
2/9/2019 0:00,2937,6845104,301771988,0.934364993,422178,5810000000000,44472163
2/10/2019 0:00,3006,6454980,106699454,0.899240979,380922,5890000000000,44719919
2/11/2019 0:00,3194,6693602,153422579,1.09110111,463119,6060000000000,44881391
2/12/2019 0:00,3463,6031365,145036525,1.304964063,486292,6060000000000,45052997
2/13/2019 0:00,3419,6976104,163866857,1.153285621,546276,6060000000000,44492827
2/14/2019 0:00,3583,6566282,238668724,1.111246972,473265,6060000000000,44306825
2/15/2019 0:00,3613,5762323,162192885,1.101274228,467228,6060000000000,43191347
2/16/2019 0:00,3246,6898485,120798170,1.008760027,452438,6060000000000,41927449
2/17/2019 0:00,2912,7185045,93191939,0.881877836,393160,6060000000000,42190406
2/18/2019 0:00,3370,7556019,224982995,1.080017019,508261,6060000000000,43174814
2/19/2019 0:00,3457,7748246,429150387,1.060471256,538532,6060000000000,43605270
2/20/2019 0:00,3849,6596656,374321249,1.1915221,521878,6060000000000,44810549
2/21/2019 0:00,3962,6051778,235445371,1.178449504,491327,6060000000000,43820499
2/22/2019 0:00,3391,8096364,196426384,1.085184228,542172,6060000000000,42873494
2/23/2019 0:00,3324,7190248,157385980,0.982793762,441275,6060000000000,44380092
2/24/2019 0:00,3487,7119748,242874099,1.044065358,433694,6060000000000,44078773
2/25/2019 0:00,3665,6913971,400105759,1.109526161,502106,6070000000000,43134261
2/26/2019 0:00,3464,7878415,1734750236,1.092907348,532149,6070000000000,42628201
2/27/2019 0:00,3766,6801909,127504717,1.125122057,519740,6070000000000,42855236
2/28/2019 0:00,3687,7350871,226984140,1.130737273,523892,6070000000000,43339080
3/1/2019 0:00,3526,7830758,245942956,1.053071407,552623,6070000000000,44684496
3/2/2019 0:00,3905,6565215,156175560,1.155579258,481021,6070000000000,44696377
3/3/2019 0:00,3359,7016671,120293270,1.003580384,420093,6070000000000,44232555
3/4/2019 0:00,3532,6497312,79501798,1.104753978,506186,6070000000000,44628180
3/5/2019 0:00,3265,7114388,216413667,1.029825181,536821,6070000000000,44369466
3/6/2019 0:00,3678,6388631,278485173,1.235649305,524992,6070000000000,43852038
3/7/2019 0:00,3364,7588199,148582990,1.008441944,524085,6070000000000,43291491
3/8/2019 0:00,3369,7193574,136348518,0.998636589,545571,6070000000000,42946539
3/9/2019 0:00,2949,7087595,317288683,0.882423514,458538,6070000000000,42256635
3/10/2019 0:00,2561,6690849,111238999,0.783473353,392557,6070000000000,42515349
3/11/2019 0:00,3507,6977450,83936704,1.099574324,554792,6070000000000,42083550
3/12/2019 0:00,3405,7088006,116557011,1.004161133,532589,6070000000000,42296166
3/13/2019 0:00,3462,6637474,209075743,1.163580696,515962,6070000000000,42034451
3/14/2019 0:00,3301,7600599,159688391,1.043826619,551001,6070000000000,42333452
3/15/2019 0:00,3388,7723229,168146955,0.987588412,558693,6070000000000,42890747
3/16/2019 0:00,2609,8496146,296835129,0.788659847,468300,6070000000000,43189370
3/17/2019 0:00,2564,7297849,184298451,0.742798205,413098,6070000000000,44263925
3/18/2019 0:00,3109,8269487,105693359,0.926942733,533680,6070000000000,44692661
3/19/2019 0:00,2968,8830120,115735520,0.909794954,551374,6070000000000,45511523
3/20/2019 0:00,3113,8742662,103002102,0.992002373,538723,6070000000000,46847562
3/21/2019 0:00,3442,7388901,147543802,1.039646357,535702,6070000000000,47968111
3/22/2019 0:00,3173,8113657,166103502,0.944549,550986,6070000000000,47450935
3/23/2019 0:00,2797,7382484,67712124,0.840116655,450872,6070000000000,47795719
3/24/2019 0:00,2492,7499624,57296677,0.753646587,417726,6370000000000,47019955
3/25/2019 0:00,3506,7512796,48747234,1.056967818,530401,6380000000000,47511943
3/26/2019 0:00,4260,6780908,133869301,1.207859007,522961,6380000000000,47277877
3/27/2019 0:00,3966,7721975,77182620,1.199629819,569697,6380000000000,45849306
3/28/2019 0:00,4217,7609348,135317925,1.217287404,578059,6380000000000,45660542
3/29/2019 0:00,4070,7807463,72542414,1.233981333,563925,6380000000000,46111636
3/30/2019 0:00,4157,7321450,168998311,1.204920209,513840,6380000000000,45832268
3/31/2019 0:00,3993,7280100,104313151,1.173565871,459478,6380000000000,45880051
4/1/2019 0:00,4268,7260087,53646013,1.205358125,528288,6380000000000,45392748
4/2/2019 0:00,4190,9796335,178833231,1.215506975,666741,6380000000000,44849122
4/3/2019 0:00,4265,9794907,879572364,1.248329993,626468,6380000000000,45891072
4/4/2019 0:00,4129,9872137,963281105,1.2129581,603757,6380000000000,45573957
4/5/2019 0:00,4062,10526386,476408010,1.240968854,632546,6380000000000,45302144
4/6/2019 0:00,3762,9151290,335980019,1.211691266,478034,6380000000000,45800467
4/7/2019 0:00,3688,9465715,329404453,1.138896872,447559,6390000000000,45800760
4/8/2019 0:00,4039,10509444,382675686,1.218371115,579028,6390000000000,45905141
4/9/2019 0:00,4376,9214714,526197764,1.251238629,572096,6390000000000,46463227
4/10/2019 0:00,4315,10332305,411383523,1.213674912,593178,6390000000000,45343570
4/11/2019 0:00,4267,10673185,368160408,1.201692847,620631,6390000000000,45629843
4/12/2019 0:00,4131,10032845,363638963,1.184258404,578099,6390000000000,46415319
4/13/2019 0:00,3959,8912798,242714313,1.107431615,458376,6390000000000,46112957
4/14/2019 0:00,4036,8025831,106569785,1.196266385,430064,6390000000000,45944646
4/15/2019 0:00,4112,9812670,131452793,1.22713911,576183,6390000000000,45082049
4/16/2019 0:00,3957,9626719,203887934,1.25263491,560007,6390000000000,44945849
4/17/2019 0:00,4036,9679416,205894131,1.229380333,555678,6390000000000,45536047
4/18/2019 0:00,4030,10319254,242366222,1.214882,563075,6390000000000,45082049
4/19/2019 0:00,4330,10531919,217894138,1.212485171,597098,6390000000000,44718850
4/20/2019 0:00,3949,9275897,186470172,1.240556481,456520,6390000000000,44764250
4/21/2019 0:00,3504,11248346,147414017,1.142430407,426630,6360000000000,44582650
4/22/2019 0:00,4102,9411112,179818212,1.142223119,498668,6350000000000,46358031
4/23/2019 0:00,4652,8538020,268620376,1.255767388,548492,6350000000000,45820575
4/24/2019 0:00,4186,12202482,371060447,1.234416043,645489,6350000000000,44471034
4/25/2019 0:00,4341,10225361,360348203,1.219515846,577184,6350000000000,45559737
4/26/2019 0:00,4275,10183522,346365600,1.255490709,593570,6350000000000,45246724
4/27/2019 0:00,4045,9112041,344577947,1.170310445,460846,6350000000000,45158439
4/28/2019 0:00,3418,10771721,153300179,0.977574344,445722,6350000000000,45391929
4/29/2019 0:00,3688,11244135,104885493,1.203267613,573010,6350000000000,45431648
4/30/2019 0:00,4490,9672353,254115383,1.295070857,604307,6350000000000,46740008
5/1/2019 0:00,3739,11945019,65541116,1.126911234,565408,6350000000000,47822788
5/2/2019 0:00,3709,12941749,51098586,1.100861511,584864,6350000000000,48183714
5/3/2019 0:00,4263,11122649,68390512,1.228199987,615404,6350000000000,50033464
5/4/2019 0:00,4141,10035261,171606287,1.187771273,508298,6550000000000,50078580
5/5/2019 0:00,4416,9591033,120664799,1.196308186,460613,6700000000000,50041435
5/6/2019 0:00,4253,11100910,55755075,1.222187444,573048,6700000000000,48827339
5/7/2019 0:00,4985,10026818,84401987,1.267977197,578857,6700000000000,48660339
5/8/2019 0:00,4884,11731704,147447100,1.243073447,635596,6700000000000,48388717
5/9/2019 0:00,4247,12149463,92603630,1.258699753,619054,6700000000000,47908385
5/10/2019 0:00,4931,10770043,127083000,1.259484184,618182,6700000000000,46746357
5/11/2019 0:00,4251,11877938,169471566,1.240594785,573741,6700000000000,45838154
5/12/2019 0:00,3489,15580745,358764816,1.234789487,551654,6700000000000,45881810
5/13/2019 0:00,3836,16443666,437929061,1.203409635,648734,6700000000000,47262072
5/14/2019 0:00,4301,16211652,459019962,1.230687118,669376,6700000000000,48023596
5/15/2019 0:00,4529,16983774,372592512,1.237726027,675925,6700000000000,49213477
5/16/2019 0:00,4727,16642489,284130100,1.245267137,682196,6700000000000,49070691
5/17/2019 0:00,4534,15398528,295196718,1.261404709,676115,6700000000000,48880310
5/18/2019 0:00,3954,14984660,455963414,1.242334013,588499,6700000000000,50117787
5/19/2019 0:00,3494,17128952,117316463,1.124021644,516859,6700000000000,51214226
5/20/2019 0:00,4093,17411194,293462036,1.177317634,617241,6700000000000,51455053
5/21/2019 0:00,4503,16828130,251989802,1.258643059,657474,6700000000000,51172297
5/22/2019 0:00,4207,18104558,141589252,1.201243293,646106,6700000000000,51222568
5/23/2019 0:00,4357,16469421,162680991,1.226995165,630228,6700000000000,52082203
5/24/2019 0:00,4648,16833084,151053339,1.254131843,644200,6700000000000,52656110
5/25/2019 0:00,4069,15115205,157606999,1.177713414,511153,6700000000000,52753976
5/26/2019 0:00,3523,17530638,62381654,1.00135643,476819,6700000000000,52135938
5/27/2019 0:00,4245,20943626,190510656,1.190717216,644814,6700000000000,52231163
5/28/2019 0:00,4458,20098452,179353691,1.262846012,685040,6700000000000,52516839
5/29/2019 0:00,4235,20660476,134279874,1.224251023,680323,6700000000000,53040579
5/30/2019 0:00,4322,18924858,139788877,1.213646113,642352,6750000000000,53373868
5/31/2019 0:00,5221,13928405,291707290,1.291766803,598627,7460000000000,53517351
6/1/2019 0:00,3907,17500366,174940726,1.244086252,578368,7460000000000,52430641
6/2/2019 0:00,3991,15462128,79112823,1.200579634,489569,7460000000000,53764036
6/3/2019 0:00,4728,14378778,80345418,1.256748504,550346,7460000000000,52847618
6/4/2019 0:00,4677,17028462,189061317,1.253258474,687738,7460000000000,51200279
6/5/2019 0:00,4198,16774167,298320274,1.239725519,631420,7460000000000,51549892
6/6/2019 0:00,4094,16576547,156168264,1.158709758,602273,7460000000000,51741225
6/7/2019 0:00,4160,16904714,155472101,1.187780804,619327,7460000000000,52391956
6/8/2019 0:00,4041,12882273,152941462,1.143843968,471819,7460000000000,54563917
6/9/2019 0:00,3442,15040475,76557021,0.927426061,438208,7460000000000,53133601
6/10/2019 0:00,4058,16318423,75192236,1.150810567,607094,7460000000000,53981196
6/11/2019 0:00,4554,14984664,137334731,1.258056077,623398,7460000000000,55994234
6/12/2019 0:00,4725,14041153,119201859,1.260088069,601949,7460000000000,55411512
6/13/2019 0:00,4537,16311181,170534084,1.264188841,667841,7460000000000,53875247
6/14/2019 0:00,4450,18846894,118173871,1.290370444,731367,7410000000000,53557399
6/15/2019 0:00,4255,16609185,165814337,1.233728966,601012,7410000000000,54082274
6/16/2019 0:00,4076,15480925,110733187,1.175121715,520293,7410000000000,55195585
6/17/2019 0:00,4924,16680373,291304565,1.233756692,628484,7410000000000,54248596
6/18/2019 0:00,4311,19759220,236199963,1.236012356,696937,7410000000000,52929713
6/19/2019 0:00,3992,21219686,91483266,1.159557627,664204,7410000000000,53931004
6/20/2019 0:00,4642,17906834,64175901,1.245132021,635532,7410000000000,56304637
6/21/2019 0:00,4927,17538288,88441301,1.265748887,654639,7410000000000,55882396
6/22/2019 0:00,4520,20226179,134167792,1.209288709,643642,7410000000000,53985663
6/23/2019 0:00,3543,25447587,210388798,1.179403409,596158,7410000000000,53722575
6/24/2019 0:00,3951,25683150,92033604,1.215810192,659329,7410000000000,56406072
6/25/2019 0:00,4868,22012700,90826287,1.245764247,682866,7410000000000,58721247
6/26/2019 0:00,4548,28602342,188227336,1.240848794,768792,7410000000000,57826748
6/27/2019 0:00,4897,23684931,521683548,1.233317704,694016,7870000000000,57195337
6/28/2019 0:00,4412,25937335,423175771,1.255488209,729817,7930000000000,57552683
6/29/2019 0:00,3553,27405859,251088678,1.148651322,573175,7930000000000,59739283
6/30/2019 0:00,3730,23170049,184877336,1.003498868,497075,7930000000000,62124771
7/1/2019 0:00,4523,20510124,172764922,1.26303335,624927,7930000000000,61165896
7/2/2019 0:00,4241,21634656,171482109,1.23998631,671396,7930000000000,59910359
7/3/2019 0:00,3960,25660430,240430091,1.186933564,651074,7930000000000,61131189
7/4/2019 0:00,3805,25608368,273546634,1.139688042,603018,7930000000000,62141159
7/5/2019 0:00,3623,27132379,130466909,1.027819063,617685,7930000000000,63617010
7/6/2019 0:00,3301,26335707,124193829,0.897182388,523872,7930000000000,65082061
7/7/2019 0:00,3311,22174982,85554898,0.956807588,447034,7930000000000,65307453
7/8/2019 0:00,3638,27968214,67612787,1.064795584,622449,7930000000000,65363802
7/9/2019 0:00,3958,25335915,277905477,1.155262513,623107,8590000000000,67335985
7/10/2019 0:00,4817,21508973,364111379,1.270236891,616784,9060000000000,67824438
7/11/2019 0:00,4740,19960969,507237488,1.25302507,598394,9060000000000,66436143
7/12/2019 0:00,3990,24773188,400745299,1.232422543,637928,9060000000000,65329589
7/13/2019 0:00,3591,20609810,223317774,1.048582589,472491,9060000000000,65236286
7/14/2019 0:00,3391,20182908,237143043,0.952888731,437636,9060000000000,64282328
7/15/2019 0:00,4278,19638311,163504273,1.136103938,585913,9060000000000,64994549
7/16/2019 0:00,3956,22149573,334140372,1.098875278,595749,9060000000000,64362436
7/17/2019 0:00,4275,16501101,413796084,1.15372491,569185,9060000000000,65398734
7/18/2019 0:00,5458,15933222,350207291,1.261034248,588257,9060000000000,65656209
7/19/2019 0:00,4659,16208140,400333481,1.262904373,566404,9060000000000,65141259
7/20/2019 0:00,2960,24399902,266367992,1.047570593,488968,9060000000000,62180292
7/21/2019 0:00,3011,20103998,231375271,0.887190201,400500,9060000000000,64497570
7/22/2019 0:00,3619,21529384,149533509,1.004485468,533399,9060000000000,64755046
7/23/2019 0:00,3691,18769327,207597158,1.103765105,531460,9030000000000,65527472
7/24/2019 0:00,3527,17345757,198778567,1.107293878,490408,9010000000000,64272984
7/25/2019 0:00,3725,19605754,207985687,1.133330787,568629,9010000000000,64609474
7/26/2019 0:00,3434,20745948,132194260,0.957042542,563023,9010000000000,66422512
7/27/2019 0:00,3048,18834366,122793165,0.858096651,445312,9010000000000,69452834
7/28/2019 0:00,2477,20994349,196200933,0.70364656,391947,9010000000000,67789240
7/29/2019 0:00,3215,20887751,93425735,0.960283161,521007,9010000000000,69400228
7/30/2019 0:00,3799,17750997,110257994,1.168352,548807,9010000000000,69983819
7/31/2019 0:00,3366,21676009,115667922,1.007365485,573802,9010000000000,69900134
8/1/2019 0:00,3830,18606541,171671949,1.150850859,558918,9010000000000,71948489
8/2/2019 0:00,3482,22617509,173753011,1.033215941,581154,9010000000000,71436400
8/3/2019 0:00,2919,23901418,194052552,0.847532514,470981,9010000000000,71628434
8/4/2019 0:00,2768,23105970,142750702,0.825016581,421536,9010000000000,72972667
8/5/2019 0:00,3904,22256372,165486450,1.179503441,583599,9890000000000,72460578
8/6/2019 0:00,3714,24239821,360876819,1.145295174,617620,9990000000000,71750337
8/7/2019 0:00,4249,23489547,385189642,1.134389882,545941,9990000000000,74077369
8/8/2019 0:00,3879,22052437,364388175,1.239356866,568245,9990000000000,73980794
8/9/2019 0:00,3911,22823177,211151932,1.156579728,562840,9990000000000,74960524
8/10/2019 0:00,3200,22285954,180122399,0.910549139,453016,9990000000000,74566507
8/11/2019 0:00,2870,22402406,185394290,0.791410216,414832,9990000000000,74200089
8/12/2019 0:00,3891,19835024,104661395,1.035999226,459560,9990000000000,74359558
8/13/2019 0:00,4022,23339417,84492312,1.189568873,566410,9990000000000,73747045
8/14/2019 0:00,3818,20751478,193935253,1.13971277,554189,9990000000000,73463403
8/15/2019 0:00,3790,20403806,280655887,1.06614658,538837,9990000000000,73392492
8/16/2019 0:00,3759,20175209,339458150,1.035984741,533245,9990000000000,74456151
8/17/2019 0:00,3705,16818757,242929697,0.996770289,441149,9990000000000,74456151
8/18/2019 0:00,3538,16497323,91003712,0.949509167,407213,10000000000000,72825207
8/19/2019 0:00,3304,22512416,77572050,0.93890562,517545,10200000000000,70938762
8/20/2019 0:00,4004,21381941,171807868,1.077213275,558999,10200000000000,73295436
8/21/2019 0:00,4997,18133520,122315070,1.188414015,599152,10200000000000,73227078
8/22/2019 0:00,4679,18244787,236246173,1.241886241,609067,10200000000000,72283872
8/23/2019 0:00,3782,20303217,141841654,1.095520869,564675,10200000000000,71347701
8/24/2019 0:00,3060,20913191,122936633,0.977127281,452008,10200000000000,71988449
8/25/2019 0:00,2877,20023054,117754911,0.804201897,393555,10200000000000,74482723
8/26/2019 0:00,3943,18051599,102865893,1.170414139,539168,10200000000000,76729088
8/27/2019 0:00,3965,17790118,189624308,1.159739378,535379,10200000000000,74848828
8/28/2019 0:00,3618,19285143,102638637,1.038467139,526015,10200000000000,73547109
8/29/2019 0:00,3425,20199159,203978694,0.995517388,545362,10200000000000,74631875
8/30/2019 0:00,3606,19625872,157535720,1.0054113,543570,10200000000000,76367500
8/31/2019 0:00,3187,20380766,112305189,0.874326187,464447,10200000000000,76873724
9/1/2019 0:00,3210,17386554,40437359,0.885620448,423910,10700000000000,77307630
9/2/2019 0:00,3659,19567795,45179221,1.055764356,529944,10800000000000,76949688
9/3/2019 0:00,3669,22232235,153032807,1.088154232,595785,10800000000000,78440212
9/4/2019 0:00,3895,18375694,228788747,1.177994235,544449,10800000000000,81222827
9/5/2019 0:00,3425,22456932,196753396,1.020782558,550315,10800000000000,80706442
9/6/2019 0:00,3888,21464688,90967493,1.091438715,601748,10800000000000,81396022
9/7/2019 0:00,3371,20094043,210268388,0.92503502,472297,10800000000000,81911711
9/8/2019 0:00,2630,23644816,65192692,0.70717213,436798,10800000000000,81381519
9/9/2019 0:00,3623,19160369,63124156,1.089865103,536567,10800000000000,84070181
9/10/2019 0:00,3085,23662199,133582937,0.957443978,564563,10800000000000,83840690
9/11/2019 0:00,3021,23997271,109189912,0.953451777,556853,10800000000000,85217636
9/12/2019 0:00,3547,20481340,122176795,0.979857646,564060,10800000000000,88889491
9/13/2019 0:00,3497,19643242,114864654,1.069618267,546950,11000000000000,88354012
9/14/2019 0:00,3173,20523303,95214497,0.903661329,491282,11900000000000,87940628
9/15/2019 0:00,2982,19411747,55063941,0.867850374,422886,11900000000000,89554385
9/16/2019 0:00,3470,21460937,40801052,1.054939294,562077,11900000000000,88427198
9/17/2019 0:00,3805,19262723,107174306,1.157712412,567927,11900000000000,91022468
9/18/2019 0:00,3392,22533479,91392244,1.069905448,578686,11900000000000,89597236
9/19/2019 0:00,3758,19373704,90728914,1.104391142,552276,11900000000000,90214468
9/20/2019 0:00,3735,19539824,157389488,1.040262013,557003,11900000000000,90625165
9/21/2019 0:00,3220,21079948,89963558,0.884734271,493311,11900000000000,91702566
9/22/2019 0:00,3289,21169976,69869004,0.850795608,456990,11900000000000,92631414
9/23/2019 0:00,4717,14647184,59501806,1.243719526,544681,11900000000000,94235786
9/24/2019 0:00,3763,19220355,120001577,1.163618121,596954,11900000000000,90098194
9/25/2019 0:00,3714,17222704,491431838,1.10453434,571599,11900000000000,90858160
9/26/2019 0:00,3309,18142040,269030045,0.970737503,554702,12000000000000,89338228
9/27/2019 0:00,3955,13731934,286339496,1.0954235,532292,12800000000000,91434682
9/28/2019 0:00,3136,16399124,167290268,0.887235503,474974,12800000000000,90645115
9/29/2019 0:00,3318,14292283,99366390,0.899054971,435119,12800000000000,91035501
9/30/2019 0:00,3996,13436668,92992827,1.150525392,540376,12800000000000,89341777
10/1/2019 0:00,3774,15347785,173526590,1.120068028,573854,12800000000000,91495288
10/2/2019 0:00,3472,15983803,170270297,1.005967926,535484,12800000000000,91195824
10/3/2019 0:00,3475,15446657,91246611,1.038093102,525476,12800000000000,91433869
10/4/2019 0:00,3692,15198779,116784278,1.086928381,545609,12800000000000,90160370
10/5/2019 0:00,3199,16377861,92819801,0.885488658,480438,12800000000000,91519572
10/6/2019 0:00,2934,15379216,56545050,0.813034282,435006,12800000000000,91428959
10/7/2019 0:00,3382,15743886,100404346,1.005810123,538987,12800000000000,92606933
10/8/2019 0:00,3243,17060959,144876046,0.966500944,534935,12800000000000,94872269
10/9/2019 0:00,3600,14626390,68942273,1.032391138,524494,12800000000000,96593924
10/10/2019 0:00,3276,17831124,174962381,0.968209895,549668,12900000000000,95687790
10/11/2019 0:00,3506,17060812,113137560,1.017074673,547368,13000000000000,97179224
10/12/2019 0:00,3495,14021140,138474727,0.971500256,452069,13000000000000,98269788
10/13/2019 0:00,3024,15185999,30579542,0.817165204,417760,13000000000000,96238944
10/14/2019 0:00,3586,14628224,65962338,1.059371319,513254,13000000000000,95855010
10/15/2019 0:00,3416,16240086,61644447,0.99594732,533673,13000000000000,94280759
10/16/2019 0:00,3713,14633533,86738050,1.116763881,545056,13000000000000,93734992
10/17/2019 0:00,3476,15858419,117969721,1.09859798,528543,13000000000000,94440182
10/18/2019 0:00,3296,16329289,79993883,0.9423605,518606,13000000000000,93485053
10/19/2019 0:00,3500,14484980,94710382,0.968948148,486396,13000000000000,93854559
10/20/2019 0:00,3057,14984777,53229504,0.84529661,437713,13000000000000,94685948
10/21/2019 0:00,3453,16722180,90340987,1.00909334,545843,13000000000000,95055454
10/22/2019 0:00,3238,17496598,78014941,0.959074254,541300,13000000000000,97272491
10/23/2019 0:00,3257,17079475,89353652,0.978411524,544470,13100000000000,98750516
10/24/2019 0:00,3639,12594197,221341214,1.091473233,515253,13700000000000,101132725
10/25/2019 0:00,3814,13909079,75975961,1.190200377,570469,13700000000000,100207781
10/26/2019 0:00,3507,16769058,333681035,1.225023579,541095,13700000000000,98845219
10/27/2019 0:00,3609,13879520,657396445,1.102331948,438755,13700000000000,99339895
10/28/2019 0:00,3686,16254463,290708093,1.200985948,540579,13700000000000,97034324
10/29/2019 0:00,3639,15907595,233830897,1.159250707,527526,13700000000000,95375221
10/30/2019 0:00,3701,15935290,169991137,1.099223104,536888,13700000000000,92695123
10/31/2019 0:00,3586,15460314,145730105,1.080918621,504880,13700000000000,90131834
11/1/2019 0:00,3890,15476390,160663137,1.241092908,563151,13700000000000,90034605
11/2/2019 0:00,3409,16052149,107433321,0.989604157,472031,13700000000000,89256768
11/3/2019 0:00,3318,16402670,53740265,0.969651877,465534,13700000000000,88673391
11/4/2019 0:00,3824,15941424,47020646,1.165071561,549112,13700000000000,90909671
11/5/2019 0:00,3721,17451427,103857829,1.137513597,576664,13700000000000,90715212
11/6/2019 0:00,3873,15769410,97692941,1.273832242,559293,13700000000000,91784738
11/7/2019 0:00,3794,15970955,78710165,1.178781985,553447,13700000000000,91590278
11/8/2019 0:00,3974,14762408,73169474,1.165534266,541512,12700000000000,91861271
11/9/2019 0:00,3442,16111247,159478900,1.062813049,519291,12700000000000,90783753
11/10/2019 0:00,2714,18896479,40216983,0.829142916,435494,12700000000000,90762608
11/11/2019 0:00,3336,16881323,58075877,1.00362904,511673,12700000000000,92339819
11/12/2019 0:00,3548,14989182,99417731,1.034111785,501680,12700000000000,93145448
11/13/2019 0:00,3744,15067620,84092098,1.155403252,555616,12700000000000,91339031
11/14/2019 0:00,3118,18779475,53278230,0.981337769,535548,12700000000000,90699369
11/15/2019 0:00,3418,17351279,62094350,1.113353424,575887,12700000000000,92859958
11/16/2019 0:00,3123,15864379,102346507,1.171504054,495077,12700000000000,95569879
11/17/2019 0:00,2696,16582477,27218439,1.108507481,430853,12700000000000,95931202
11/18/2019 0:00,3376,14963382,42762607,1.019047664,510494,12700000000000,94847234
11/19/2019 0:00,3502,15599060,98039359,1.143817435,561226,12700000000000,93853596
11/20/2019 0:00,3523,14807093,80797818,1.025924303,525739,12700000000000,94937564
11/21/2019 0:00,4487,13715761,62317221,1.214479803,584765,12800000000000,95569879
11/22/2019 0:00,4656,12538678,152565570,1.250728333,607299,13000000000000,92753028
11/23/2019 0:00,2995,16178363,283120966,0.841518728,514757,13000000000000,90641806
11/24/2019 0:00,3207,11832813,74562141,0.875593328,436089,13000000000000,93211181
11/25/2019 0:00,3687,11205570,88831996,1.076081424,495578,13000000000000,91369154
11/26/2019 0:00,4175,11167151,250687896,1.254087262,576620,13000000000000,90238982
11/27/2019 0:00,3674,12848987,108471399,1.185653101,566552,13000000000000,88200108
11/28/2019 0:00,2973,15917752,220499983,0.873442442,533010,13000000000000,88179081
11/29/2019 0:00,3635,14142605,99775071,1.055517757,543960,13000000000000,90747073
11/30/2019 0:00,3589,12281981,117995230,1.070562587,493866,13000000000000,91115589
12/1/2019 0:00,3062,12925726,78337204,0.870622964,468193,13000000000000,86785526
12/2/2019 0:00,3425,13446042,88571039,1.019306228,552276,13000000000000,87522558
12/3/2019 0:00,3223,14637722,71586470,0.961583019,565368,13000000000000,89365138
12/4/2019 0:00,3158,15591131,50091305,0.934351653,569753,13000000000000,92681782
12/5/2019 0:00,3312,13451289,142535674,1.018665179,535061,13000000000000,95261395
12/6/2019 0:00,3390,13603962,85470714,1.059103821,534431,12900000000000,93585274
12/7/2019 0:00,2855,15286888,77922850,0.865809871,465570,12900000000000,94315178
12/8/2019 0:00,2874,13969510,34352534,0.83522775,434939,12900000000000,96880815
12/9/2019 0:00,3371,13970882,32114286,1.089033696,538820,12900000000000,97608665
12/10/2019 0:00,3335,13646564,108414490,1.106342622,548706,12900000000000,97783740
12/11/2019 0:00,3512,12062019,66161513,1.195490902,521113,12900000000000,96761139
12/12/2019 0:00,3606,12076200,53833378,1.095938008,531404,12900000000000,93446264
12/13/2019 0:00,3303,14060284,75073235,0.990434309,547987,12900000000000,92267471
12/14/2019 0:00,2987,13824045,52683168,0.902877417,475246,12900000000000,92907582
12/15/2019 0:00,3208,11126048,39393109,1.12013029,434034,12900000000000,92541804
12/16/2019 0:00,3206,14132644,35264357,1.038496834,549300,12900000000000,90347137
12/17/2019 0:00,3569,12121834,91191811,1.314409858,557300,12900000000000,91170137
12/18/2019 0:00,3748,11695183,106173720,1.152717164,560284,12900000000000,90530026
12/19/2019 0:00,3138,14591652,208624105,1.013370414,539310,12900000000000,90712915
12/20/2019 0:00,3295,14124384,92465911,0.961809929,479841,12900000000000,92925416
12/21/2019 0:00,2677,15844785,55147310,0.756153597,432257,12900000000000,93370682
12/22/2019 0:00,2506,15337833,25368503,0.740650195,518639,12900000000000,95746473
12/23/2019 0:00,3325,13758031,72767893,1.037491643,493086,12900000000000,99947586
12/24/2019 0:00,3631,11525832,121983510,1.111658016,401735,12900000000000,98740228
12/25/2019 0:00,3045,11634910,76336714,0.889324688,476783,12900000000000,97340808
12/26/2019 0:00,2758,15752638,39255636,0.837857802,539658,12900000000000,96857363
12/27/2019 0:00,3501,13514433,59760787,1.017240097,490465,12900000000000,97839067
12/28/2019 0:00,3140,13698701,71840951,0.889533174,449701,12900000000000,96827573
12/29/2019 0:00,2772,14317659,36039615,0.787269123,544505,12900000000000,94344814
12/30/2019 0:00,3103,15446347,46435451,0.944622572,489182,12900000000000,93057458
12/31/2019 0:00,3254,13152944,61748084,0.982280848,389706,12900000000000,95172400
1/1/2020 0:00,2278,15907076,47782091,0.643639402,475461,13000000000000,97011481
1/2/2020 0:00,3430,12576131,28600969,1.012365064,523231,13800000000000,101344004
1/3/2020 0:00,2980,15705586,68282972,0.910629562,465366,13800000000000,99804501
1/4/2020 0:00,2753,15650931,136870285,0.79468356,459065,13800000000000,103031752
1/5/2020 0:00,2895,15404397,50181827,0.790838368,522665,13800000000000,105793195
1/6/2020 0:00,3720,13051403,48177558,1.12761063,576831,13800000000000,107512956
1/7/2020 0:00,3251,17646229,114010548,0.948405778,558689,13800000000000,105477457
1/8/2020 0:00,3497,14890477,210649284,1.063490894,553318,13800000000000,109390649
1/9/2020 0:00,3179,15730240,224003807,1.044869879,590633,13800000000000,107202821
1/10/2020 0:00,3639,15541381,108323771,1.120475946,509544,13800000000000,108770686
1/11/2020 0:00,2936,16893865,153599795,0.843840724,450668,13800000000000,106810854
1/12/2020 0:00,2799,15625351,75103206,0.825020881,501600,13800000000000,106320896
1/13/2020 0:00,3160,14633330,39375158,0.981562832,616194,13800000000000,105144997
1/14/2020 0:00,3696,15748081,68769719,1.21966529,580574,13800000000000,105928930
1/15/2020 0:00,3476,16792710,322001234,1.065171907,555072,14800000000000,102912017
1/16/2020 0:00,3189,17478169,162415226,0.983502176,562153,14800000000000,104842225
1/17/2020 0:00,3144,17783148,113463580,0.968857566,491063,14800000000000,106142031
1/18/2020 0:00,3383,14834325,172392199,0.955057818,477110,14800000000000,108225769
1/19/2020 0:00,2888,16961771,73102475,0.874760193,532773,14800000000000,106104410
1/20/2020 0:00,3155,16034934,171406583,0.991580941,544525,14800000000000,107047760
1/21/2020 0:00,3156,16708344,78615695,0.999786242,544484,14800000000000,108984911
1/22/2020 0:00,3194,17310388,80118406,1.058771763,535923,14800000000000,110810186
1/23/2020 0:00,3124,17169132,62159413,1.039634667,534403,14800000000000,111334855
1/24/2020 0:00,3137,16478219,140040084,1.032869612,461312,14800000000000,111334855
1/25/2020 0:00,2609,17146239,103625699,0.853311744,429535,14800000000000,110600318
1/26/2020 0:00,2728,15373872,49103694,0.825554923,504693,14800000000000,113958202
1/27/2020 0:00,3374,14226814,90541443,1.055952767,589168,14800000000000,113223665
1/28/2020 0:00,3597,16242549,157722446,1.204786908,573372,15200000000000,110810186
1/29/2020 0:00,3175,18887556,187574423,1.004575063,570253,15500000000000,110086946
1/30/2020 0:00,3257,18922276,132156744,1.007421212,572887,15500000000000,111290378
1/31/2020 0:00,3574,17040642,175049334,1.109039125,523782,15500000000000,111739681
2/1/2020 0:00,3082,17858163,106765635,0.962483086,501222,15500000000000,111605537
2/2/2020 0:00,3091,16944232,36660829,1.012892266,573277,15500000000000,110981010
2/3/2020 0:00,3409,17467130,66403964,1.190776919,555771,15500000000000,111681439
2/4/2020 0:00,3638,15415016,108746959,1.194789614,618126,15500000000000,114400103
2/5/2020 0:00,3449,19130673,90649389,1.084759063,552411,15500000000000,113566280
2/6/2020 0:00,3639,17105099,163509451,1.136838644,599280,15500000000000,113456448
2/7/2020 0:00,3742,17296714,152115909,1.28319559,529398,15500000000000,111149977
2/8/2020 0:00,3525,17511948,87939405,1.116522115,508254,15500000000000,110600817
2/9/2020 0:00,3083,19747647,75572304,0.951914072,526825,15500000000000,109282833
2/10/2020 0:00,3818,15671545,107419113,1.199867254,641161,15500000000000,110381153
2/11/2020 0:00,3774,19051941,155424328,1.25871225,612313,15500000000000,107525521
2/12/2020 0:00,3765,18763378,190105216,1.1479745,608036,15500000000000,109340676
2/13/2020 0:00,3774,18474198,161983394,1.229481901,564227,15500000000000,107554858
2/14/2020 0:00,3774,17892676,198094127,1.090330081,563001,15500000000000,108294602
2/15/2020 0:00,3573,18294967,122708338,1.09961007,474183,15500000000000,107932590
2/16/2020 0:00,3160,17801511,113915188,0.93476688,584197,15500000000000,108343411
2/17/2020 0:00,3368,19823862,85454124,1.024710815,569291,15500000000000,107216584
2/18/2020 0:00,3444,19007002,119040244,1.122872727,580124,15500000000000,111150619
2/19/2020 0:00,3717,18406770,138390971,1.166272348,563175,15500000000000,111398346
2/20/2020 0:00,3986,15368285,186474102,1.2488265,574950,15500000000000,111287941
2/21/2020 0:00,3414,18886943,128769391,1.067097604,525819,15500000000000,109631871
2/22/2020 0:00,3303,18051503,79370095,0.94437023,465169,15500000000000,111729560
2/23/2020 0:00,3062,17684306,34324866,0.909322887,558687,15500000000000,112391988
2/24/2020 0:00,3638,17377835,64282324,1.141280163,566484,15500000000000,112391988
2/25/2020 0:00,3624,17822599,116289799,1.064563583,588558,15500000000000,110625513
2/26/2020 0:00,3843,15629014,114160527,1.163531007,578398,15500000000000,109924844
2/27/2020 0:00,3559,16401715,206929921,1.102625776,611266,15500000000000,109315034
2/28/2020 0:00,3614,17412081,147977055,1.082665158,519628,15500000000000,111571073
2/29/2020 0:00,3435,15277906,123840828,0.989318216,505885,15500000000000,111945558
3/1/2020 0:00,2720,19058741,42866205,0.829612881,608032,15500000000000,110892855
3/2/2020 0:00,3621,16697792,70749037,1.116271678,593725,15500000000000,114681813
3/3/2020 0:00,3509,17037037,111268001,1.144225732,625096,15500000000000,115501741
3/4/2020 0:00,3333,18948990,85149526,1.226066102,603996,15500000000000,116468615
3/5/2020 0:00,3302,18562609,70042033,0.999121178,601698,15500000000000,119877989
3/6/2020 0:00,3422,18084441,122314467,1.073488897,526880,15500000000000,121637666
3/7/2020 0:00,3124,18200370,83522226,0.90962293,501571,15500000000000,121307726
3/8/2020 0:00,2974,17385259,59230883,0.869396677,606002,15500000000000,123287363
3/9/2020 0:00,3636,15003719,149933312,1.14787998,601526,16100000000000,121197746
3/10/2020 0:00,4033,13309095,223121982,1.299547803,528053,16600000000000,121936056
3/11/2020 0:00,3932,11906436,155835851,1.20830879,653156,16600000000000,120625752
3/12/2020 0:00,3993,13544828,130840913,1.235116702,517382,16600000000000,116247579
3/13/2020 0:00,4383,8634487,574694715,1.296698272,413935,16600000000000,116070928
3/14/2020 0:00,3991,8986521,684475989,1.274480383,532450,16600000000000,113717813
3/15/2020 0:00,3396,8103101,158994390,1.113644857,540902,16600000000000,111497389
3/16/2020 0:00,4194,7889847,201009886,1.193453008,476482,16600000000000,108109035
3/17/2020 0:00,4293,8477517,379747428,1.231597098,525607,16600000000000,104972190
3/18/2020 0:00,4422,6941255,222784693,1.16499282,564748,16600000000000,103914240
3/19/2020 0:00,4614,7981376,246280973,1.306641869,469859,16600000000000,101680789
3/20/2020 0:00,4775,9446457,343510892,1.264478073,409829,16600000000000,96508587
3/21/2020 0:00,3657,9873966,382708757,1.108333782,509038,16600000000000,94627786
3/22/2020 0:00,3082,9996191,161732858,0.843088583,528586,16600000000000,94157586
3/23/2020 0:00,4231,8912695,155141963,1.160538375,456328,16600000000000,95097986
3/24/2020 0:00,3768,11290318,284307011,1.170288614,539881,16600000000000,94275136
3/25/2020 0:00,4569,8111094,284016941,1.125291511,529197,16600000000000,95333086
3/26/2020 0:00,3249,13691118,226038997,1.135452525,469113,14100000000000,94392686
3/27/2020 0:00,3269,13411241,97401179,1.110375026,428425,13900000000000,97885234
3/28/2020 0:00,3368,10989619,148443298,0.910426519,535787,13900000000000,100386176
3/29/2020 0:00,2790,11822813,142726745,0.769856338,546702,13900000000000,99147880
3/30/2020 0:00,3423,11637863,103365162,1.055633204,544088,13900000000000,99137723
3/31/2020 0:00,3281,13165643,186301831,1.025871107,569905,13900000000000,100495620
4/1/2020 0:00,3315,12386579,89947515,1.11369449,548300,13900000000000,100688108
4/2/2020 0:00,3502,13018917,168238043,1.115204471,479599,13900000000000,104989802
4/3/2020 0:00,3857,11436512,279129047,1.148502318,452282,13900000000000,104035696
4/4/2020 0:00,2937,13560678,165881487,1.077272732,557192,13900000000000,101763312
4/5/2020 0:00,2437,14957635,95099723,0.769681286,598670,13900000000000,103936897
4/6/2020 0:00,3975,11485343,61737463,1.164635859,554336,13900000000000,106308081
4/7/2020 0:00,3302,15735460,215734110,1.137403304,544185,13900000000000,104430894
4/8/2020 0:00,3600,13302461,180411336,1.116311861,550585,14400000000000,105320088
4/9/2020 0:00,3314,14241013,143615581,1.069383357,474445,14700000000000,104926818
4/10/2020 0:00,3181,14368681,118207886,0.900077294,437242,14700000000000,105903460
4/11/2020 0:00,2851,13917061,170978168,0.784763679,549230,14700000000000,109895384
4/12/2020 0:00,2713,13349665,59502005,0.80040198,583665,14700000000000,110999327
4/13/2020 0:00,3022,14683701,112654904,0.929310292,612959,14700000000000,109697884
4/14/2020 0:00,3213,14587959,170118315,0.988374018,635870,14700000000000,114921002
4/15/2020 0:00,3414,14558872,107004164,1.176886651,579437,14700000000000,115878649
4/16/2020 0:00,3853,13495678,112529486,1.111490403,562996,14700000000000,118816055
4/17/2020 0:00,4167,11584619,256066115,1.286230614,485888,14700000000000,118816055
4/18/2020 0:00,3478,14261974,114895301,1.150726076,619559,14700000000000,115054069
4/19/2020 0:00,3119,13731416,80410551,0.97585277,610555,14700000000000,114949569
4/20/2020 0:00,3654,14513596,64645648,1.049269988,574265,14700000000000,114845070
4/21/2020 0:00,3824,13280756,151878158,1.068249134,666919,15600000000000,113800074
4/22/2020 0:00,4062,11597010,90394538,1.031391221,641059,16000000000000,112777077
4/23/2020 0:00,4214,13203834,102205556,1.287894373,554934,16000000000000,109962853
4/24/2020 0:00,4126,14000288,202186228,1.273850389,499998,16000000000000,109962751
4/25/2020 0:00,3803,13029926,130187406,1.239612485,629817,16000000000000,113010798
4/26/2020 0:00,3396,13360910,50386100,1.072414613,644967,16000000000000,111912719
4/27/2020 0:00,4081,13997088,82965486,1.179406794,679872,16000000000000,111554967
4/28/2020 0:00,3901,15084394,118631652,1.215701039,687395,16000000000000,110710038
4/29/2020 0:00,4273,15737371,102426644,1.195938752,680654,16000000000000,111629897
4/30/2020 0:00,4603,16397344,471328360,1.268807178,578296,16000000000000,113216515
5/1/2020 0:00,4454,17578400,479861000,1.250539879,553075,16000000000000,112423206
5/2/2020 0:00,3675,17019210,209464777,1.341512074,651350,16000000000000,112083216
5/3/2020 0:00,3099,19630255,111964109,1.19645581,652289,16000000000000,113443174
5/4/2020 0:00,3799,17898624,175862718,1.086099006,671519,16000000000000,116956399
5/5/2020 0:00,3785,18282731,186639007,1.204144266,696092,16100000000000,118883007
5/6/2020 0:00,3977,20611755,182897440,1.210363383,670883,16100000000000,119472293
5/7/2020 0:00,4339,18246781,286155702,1.31399202,631542,16100000000000,120652101
5/8/2020 0:00,4487,18271846,500733651,1.274328599,571802,16100000000000,122164633
5/9/2020 0:00,4276,17375844,336643472,1.292073691,645065,16100000000000,121853508
5/10/2020 0:00,3164,19252836,206048387,1.246688794,686850,16100000000000,120634706
5/11/2020 0:00,3827,17168436,536864808,1.283646981,619855,16100000000000,121037812
5/12/2020 0:00,4305,8950520,524377414,1.279955788,593862,16100000000000,121087435
5/13/2020 0:00,4727,7822621,217646788,1.296750555,644507,16100000000000,119743045
5/14/2020 0:00,4692,8245135,235919564,1.323246377,589910,16100000000000,115740174
5/15/2020 0:00,4715,8969982,332519068,1.272443528,495954,16100000000000,111966037
5/16/2020 0:00,4320,8429266,303595865,1.262686357,602631,16100000000000,110593624
5/17/2020 0:00,4432,7112392,116707144,1.327792324,581379,16100000000000,109449947
5/18/2020 0:00,4311,9800851,176082868,1.352731383,604523,16100000000000,101672939
5/19/2020 0:00,4506,8879554,230169747,1.333283061,624412,16100000000000,98356274
5/20/2020 0:00,4729,8810741,228306109,1.327850148,558174,15200000000000,94810873
5/21/2020 0:00,4399,9450405,231513104,1.295657931,458476,15100000000000,93625665
5/22/2020 0:00,4878,7770389,302921371,1.297051252,551378,15100000000000,94670544
5/23/2020 0:00,4257,7843059,137706363,1.278850555,605213,15100000000000,92307331
5/24/2020 0:00,3607,7286826,69573042,1.41277356,603823,15100000000000,90689769
5/25/2020 0:00,4056,7689660,151515271,1.2793314,617362,15100000000000,91494526
5/26/2020 0:00,4371,7687823,151521072,1.307555581,591013,15100000000000,90293242
5/27/2020 0:00,3980,9241012,120113139,1.34352729,556912,15100000000000,90471237
5/28/2020 0:00,4296,8457127,148428061,1.281801489,495162,15100000000000,92882001
5/29/2020 0:00,4286,8526743,193513828,1.270912551,623944,15100000000000,92882001
5/30/2020 0:00,3338,9913196,144086661,1.245524103,638403,15100000000000,94602038
5/31/2020 0:00,3123,9542417,132752539,1.05190532,646746,15100000000000,98579624
6/1/2020 0:00,4259,8910754,99233158,1.269376455,628388,15100000000000,102234702
6/2/2020 0:00,4539,8941265,280975718,1.283667217,643217,15100000000000,103202223
6/3/2020 0:00,4257,9081230,429398122,1.282827432,548424,15100000000000,103739735
6/4/2020 0:00,3859,9764314,128440439,1.236471563,487527,14500000000000,103847237
6/5/2020 0:00,3360,11573083,183077761,1.042586804,625333,13700000000000,105288528
6/6/2020 0:00,2681,12477168,139993515,0.793185082,644690,13700000000000,109091787
6/7/2020 0:00,2892,9821023,74040584,0.861702465,645485,13700000000000,111435315
6/8/2020 0:00,3585,10379766,129391453,1.151651278,673800,13700000000000,110815623
6/9/2020 0:00,3728,10182263,111353755,1.176594881,635165,13700000000000,112208528
6/10/2020 0:00,3674,10401186,153220784,1.080857506,541115,13700000000000,113943905
6/11/2020 0:00,3400,11473619,158586968,1.382471195,502951,13700000000000,114994338
6/12/2020 0:00,3656,9866335,321867039,1.355473221,606713,13700000000000,117511415
6/13/2020 0:00,3290,9622453,132333534,1.067535646,683561,13700000000000,115951098
6/14/2020 0:00,2888,10380782,51803751,0.825322441,669086,13700000000000,112245343
6/15/2020 0:00,4111,8280411,63632384,1.129341761,582343,13700000000000,113318062
6/16/2020 0:00,4176,9617963,244968165,1.22310094,674050,14300000000000,110977585
6/17/2020 0:00,4474,8709273,138860026,1.271521826,553650,15800000000000,110570812
6/18/2020 0:00,4387,7714421,124106956,1.249730742,475037,15800000000000,110046645
6/19/2020 0:00,4394,8736099,74041736,1.284985049,603576,15800000000000,105905234
6/20/2020 0:00,3886,8238014,109732842,1.107477416,704215,15800000000000,105926967
6/21/2020 0:00,3136,9006615,57461732,0.981158459,625283,15800000000000,105875824
6/22/2020 0:00,3916,8923565,36882860,1.103866923,631260,15800000000000,105663297
6/23/2020 0:00,4112,9964642,134494787,1.304964854,646111,15800000000000,108235121
6/24/2020 0:00,4168,8594577,102289235,1.288159849,546558,15800000000000,110749704
6/25/2020 0:00,4155,8504017,178365906,1.253759667,500152,15800000000000,110861799
6/26/2020 0:00,3715,9950437,166531114,1.186091189,625207,15800000000000,112767411
6/27/2020 0:00,3758,8059992,141780368,1.105369536,621031,15800000000000,115233498
6/28/2020 0:00,3182,8666897,92221684,0.9017818,758469,15800000000000,115345593
6/29/2020 0:00,3961,8562735,59501521,1.248924407,674745,15800000000000,115793972
6/30/2020 0:00,3922,8801310,100083941,1.189839531,661454,15800000000000,116018162
7/1/2020 0:00,4303,10124056,63158023,1.295763333,561108,15800000000000,114784988
7/2/2020 0:00,3854,9907318,98873139,1.133437396,509206,15800000000000,117362563
7/3/2020 0:00,3847,9873738,107207538,1.198966086,678157,15800000000000,119940131
7/4/2020 0:00,3454,9203934,57803291,1.037606389,706177,15800000000000,119827426
7/5/2020 0:00,2975,9453537,38839662,0.921691712,702636,15800000000000,121956641
7/6/2020 0:00,4028,9573703,50720849,1.227644104,708162,15800000000000,123413264
7/7/2020 0:00,4035,9827306,113743420,1.103862236,681724,15800000000000,124421542
7/8/2020 0:00,4258,9269106,95242534,1.247866834,601249,15800000000000,125990398
7/9/2020 0:00,4036,10324012,121129125,1.267096006,525851,15800000000000,124757396
7/10/2020 0:00,3979,9821731,98869846,1.208174025,638906,15800000000000,124757396
7/11/2020 0:00,3681,9308391,79818145,1.091070692,734433,15800000000000,124533214
7/12/2020 0:00,3275,9012155,30014746,0.979820947,671171,15800000000000,124421123
7/13/2020 0:00,3994,8910800,42610639,1.143550707,709099,16600000000000,123188121
7/14/2020 0:00,4674,9003010,78223034,1.259092438,629600,17300000000000,123224186
7/15/2020 0:00,4507,8552243,88249715,1.313624087,632584,17300000000000,122915681
7/16/2020 0:00,4829,8476261,83393686,1.276772463,550119,17300000000000,122988998
7/17/2020 0:00,4873,7439212,88531437,1.264411822,644972,17300000000000,121358766
7/18/2020 0:00,4488,8257261,71682526,1.276202185,660884,17300000000000,117847538
7/19/2020 0:00,3858,8030629,29934693,1.332783611,748958,17300000000000,116374945
7/20/2020 0:00,4157,8809861,32799398,1.287877816,696765,17300000000000,115473898
7/21/2020 0:00,4909,8215339,59994849,1.290345384,740460,17300000000000,115544421
7/22/2020 0:00,4796,9764974,114760459,1.260738632,619497,17300000000000,113203969
7/23/2020 0:00,4744,9402092,103269918,1.293743603,608050,17300000000000,113943059
7/24/2020 0:00,4319,10810915,168395155,1.314238963,690892,17300000000000,113943059
7/25/2020 0:00,4088,9515131,128787740,1.370815563,745966,17300000000000,119239871
7/26/2020 0:00,3526,10587042,83145126,1.343587361,717842,17300000000000,120718051
7/27/2020 0:00,4278,11099308,169823596,1.28513553,689993,17300000000000,124043957
7/28/2020 0:00,4682,12037341,569642412,1.280557683,733209,16800000000000,124990478
7/29/2020 0:00,4566,12189405,352662969,1.283028885,644333,16800000000000,126940916
7/30/2020 0:00,4768,11301865,253835681,1.287137022,616214,16800000000000,126909829
7/31/2020 0:00,4523,12639960,201165672,1.299889137,708227,16800000000000,126308845
8/1/2020 0:00,4405,11439834,222815243,1.287825234,708169,16800000000000,124781881
8/2/2020 0:00,4139,11205875,240815459,1.353125277,655315,16800000000000,123681092
8/3/2020 0:00,4058,12873863,289592848,1.326875364,762479,16800000000000,121087964
8/4/2020 0:00,4551,11438679,159671027,1.310942876,707225,16800000000000,122154895
8/5/2020 0:00,4682,10806917,122455804,1.267972853,625679,16800000000000,122154895
8/6/2020 0:00,4562,13771270,182136390,1.277008282,564507,16800000000000,119881689
8/7/2020 0:00,4391,12898633,203809370,1.301960691,683507,16800000000000,122394180
8/8/2020 0:00,4129,11292367,215793134,1.327259739,744212,16800000000000,122274537
8/9/2020 0:00,3373,12105371,86008565,1.250962391,733894,16800000000000,122872749
8/10/2020 0:00,4654,11774383,59683347,1.249095445,690043,16900000000000,124667385
8/11/2020 0:00,4519,12966824,218397181,1.285126143,755913,16900000000000,121699817
8/12/2020 0:00,4419,12684821,249861737,1.300253535,664922,16900000000000,122886224
8/13/2020 0:00,4478,11879252,141688776,1.207145844,571198,16900000000000,126347973
8/14/2020 0:00,4297,13709962,161732026,1.264694557,652100,16900000000000,125375834
8/15/2020 0:00,4072,12537673,131449767,1.229856109,739835,16900000000000,127289350
8/16/2020 0:00,3625,12130221,101333020,1.147488007,710405,16900000000000,129075393
8/17/2020 0:00,4888,10390360,63773670,1.268331056,705709,16900000000000,128705026
8/18/2020 0:00,4841,12747410,253521340,1.245246229,675988,16900000000000,127334808
8/19/2020 0:00,4928,11920460,217771115,1.294059855,649053,16900000000000,125649848
8/20/2020 0:00,4557,12309250,208815096,1.265249952,569381,16900000000000,123363117
8/21/2020 0:00,4131,12988331,96746302,1.344396961,674821,16900000000000,123242763
8/22/2020 0:00,4491,11060458,153928937,1.318342846,678008,16900000000000,121798512
8/23/2020 0:00,3506,12250515,85029155,1.251878968,696908,16900000000000,119391426
8/24/2020 0:00,4271,11845489,39027595,1.166158577,702891,17300000000000,119993198
8/25/2020 0:00,4956,10414544,75749357,1.318086656,720277,17600000000000,123297692
8/26/2020 0:00,4629,11345448,168869326,1.302465423,617518,17600000000000,122408097
8/27/2020 0:00,5131,10690122,104337127,1.26882631,555079,17600000000000,123504835
8/28/2020 0:00,4187,13003916,152064702,1.302147368,662241,17600000000000,122017802
8/29/2020 0:00,4050,11257775,125753229,1.328303404,795329,17600000000000,123686956
8/30/2020 0:00,4155,9959939,48056175,1.310540197,714425,17600000000000,125523153
8/31/2020 0:00,4140,12191565,54121906,1.171316933,691592,17600000000000,122462847
9/1/2020 0:00,4859,12943722,102290923,1.273975422,680093,17600000000000,122817197
9/2/2020 0:00,4670,12071209,176627449,1.293518292,685736,17600000000000,126059072
9/3/2020 0:00,5088,10387319,265432701,1.295405659,557370,17600000000000,126308447
9/4/2020 0:00,4857,10521918,361418115,1.300009081,672721,17600000000000,126308447
9/5/2020 0:00,4731,10426132,310980390,1.276079518,693543,17600000000000,122817197
9/6/2020 0:00,3595,10418305,222072428,1.421785773,681429,17600000000000,122193760
9/7/2020 0:00,3682,12203311,89153593,1.280486143,745318,17400000000000,125061572
9/8/2020 0:00,4277,10676169,153205857,1.249473174,677215,17300000000000,128038751
9/9/2020 0:00,4398,10385265,194156867,1.194565423,604531,17300000000000,127930089
9/10/2020 0:00,4521,11342159,113383269,1.333325968,540351,17300000000000,128329211
9/11/2020 0:00,4705,9984827,147055601,1.328602123,726085,17300000000000,131707283
9/12/2020 0:00,3501,11755971,101653161,1.060539071,718787,17300000000000,131873590
9/13/2020 0:00,3250,11038734,57857608,0.938489469,747111,17300000000000,135233596
9/14/2020 0:00,3930,12485220,81937986,1.160497602,740029,17300000000000,136485959
9/15/2020 0:00,4366,11329376,143525659,1.172355218,687638,17300000000000,136485692
9/16/2020 0:00,4566,11397006,135273030,1.309139768,624125,17300000000000,136608874
9/17/2020 0:00,3977,12881876,154480377,1.268264388,535691,17300000000000,137347966
9/18/2020 0:00,4023,12027087,117116914,1.153905552,644695,17300000000000,139811607
9/19/2020 0:00,4003,10777756,88269394,1.249747779,678668,17300000000000,143137522
9/20/2020 0:00,3677,10041685,54811966,1.093970106,733591,19100000000000,140550699
9/21/2020 0:00,4215,10351910,69233311,1.206441297,684217,19300000000000,139904506
9/22/2020 0:00,4909,9208013,193630538,1.286297791,741029,19300000000000,138113016
9/23/2020 0:00,4885,10252435,99403514,1.287952528,591249,19300000000000,136590568
9/24/2020 0:00,4673,9928236,124490884,1.258397307,538619,19300000000000,136974413
9/25/2020 0:00,4151,12502201,124807107,1.348089142,629197,19300000000000,133839260
9/26/2020 0:00,3722,10759365,129716553,1.312045573,735651,19300000000000,136694669
9/27/2020 0:00,3394,10713359,48519034,1.01567023,748143,19300000000000,138914906
9/28/2020 0:00,4557,9531619,50063045,1.244179667,679937,19300000000000,140454294
9/29/2020 0:00,4854,10337349,109557462,1.274256454,689077,19300000000000,138259696
9/30/2020 0:00,4554,11484361,89865245,1.324411436,642826,19300000000000,139905645
10/1/2020 0:00,5118,9416443,89894643,1.300792403,562147,19300000000000,141825918
10/2/2020 0:00,4776,10232864,183013787,1.291145963,635097,19300000000000,140042807
10/3/2020 0:00,4010,10855303,150343725,1.324275397,692891,19300000000000,135516448
10/4/2020 0:00,3411,11055916,31477196,1.219977316,762636,19300000000000,135653610
10/5/2020 0:00,4203,10710768,31512003,1.199752821,698982,19300000000000,136460935
10/6/2020 0:00,4933,10054285,78412225,1.300707385,714645,19300000000000,137953248
10/7/2020 0:00,4707,11193916,103826838,1.278854629,631182,19300000000000,136429166
10/8/2020 0:00,3997,12084851,102699834,1.22370558,541483,19300000000000,135725586
10/9/2020 0:00,4746,10965183,142856447,1.313543986,658073,19300000000000,140918695
10/10/2020 0:00,4092,11127195,120551931,1.298188839,732250,19300000000000,141724961
10/11/2020 0:00,3659,10659931,97927463,1.066880514,680468,19300000000000,140610836
10/12/2020 0:00,4091,11515021,60215828,1.184181315,743078,19300000000000,138141089
10/13/2020 0:00,4109,12872176,166313556,1.257751488,712317,19300000000000,139374492
10/14/2020 0:00,4280,11605344,117568933,1.136457477,586741,19300000000000,144308102
10/15/2020 0:00,4586,11814116,93932071,1.261410596,512486,19300000000000,144034012
10/16/2020 0:00,4329,11742282,111854678,1.21563509,679146,19300000000000,142526520
10/17/2020 0:00,3511,11674224,109053462,1.029741242,713764,19500000000000,144308102
10/18/2020 0:00,3936,8982106,34142836,1.083029592,687152,20000000000000,146484944
10/19/2020 0:00,4929,9776921,29716244,1.27557052,753892,20000000000000,144339933
10/20/2020 0:00,4522,11710523,139587584,1.226298278,712518,20000000000000,141671571
10/21/2020 0:00,4866,11562043,167903083,1.297150062,657714,20000000000000,139371646
10/22/2020 0:00,5021,13585269,486931526,1.283932423,547380,20000000000000,137413336
10/23/2020 0:00,5088,12640081,234841377,1.284365397,579939,20000000000000,136175010
10/24/2020 0:00,4027,13768788,151273932,1.337988868,600338,20000000000000,133536442
10/25/2020 0:00,4283,10397996,69928611,1.373567197,615001,20000000000000,133347788
10/26/2020 0:00,4817,10435984,111062981,1.340452455,652778,20000000000000,132921756
10/27/2020 0:00,5508,10871089,176006371,1.299469636,635998,20000000000000,130791600
10/28/2020 0:00,5577,11446509,325461283,1.28783919,613906,20000000000000,124401131
10/29/2020 0:00,5594,12458484,310741338,1.298560407,592197,20000000000000,120140818
10/30/2020 0:00,5468,12828892,228409072,1.294094279,543348,20000000000000,116022516
10/31/2020 0:00,5149,13341987,265607934,1.279690805,727413,20000000000000,113182308
11/1/2020 0:00,4463,13377441,194274881,1.246865936,707247,20000000000000,107643901
11/2/2020 0:00,5369,10902576,81876481,1.326538305,729209,20000000000000,108779984
11/3/2020 0:00,4805,15826226,202098850,1.282563386,756129,17900000000000,106649828
11/4/2020 0:00,4082,16641138,213888432,1.342291579,608746,16800000000000,110352547
11/5/2020 0:00,4580,20893224,303936796,1.281835374,555482,16800000000000,115107146
11/6/2020 0:00,4575,18889243,575483038,1.272637765,713629,16800000000000,117295046
11/7/2020 0:00,3869,16132959,418654254,1.359237363,684892,16800000000000,119772222
11/8/2020 0:00,3730,15148276,320513832,1.372073688,713744,16800000000000,121130852
11/9/2020 0:00,3540,20216887,168415197,1.370687778,721180,16800000000000,119831615
11/10/2020 0:00,4299,16459647,392305674,1.225739374,685725,16800000000000,128395930
11/11/2020 0:00,4479,16020485,230269180,1.29717317,613373,16800000000000,128159204
11/12/2020 0:00,4180,17804676,298105722,1.247600381,555375,16800000000000,126728590
11/13/2020 0:00,4595,16032046,478495947,1.276639295,681273,16800000000000,128278422
11/14/2020 0:00,4042,15597258,264263990,1.290196641,770689,16800000000000,126609372
11/15/2020 0:00,3454,15662707,163501040,1.20522652,807705,16800000000000,126132501
11/16/2020 0:00,3880,17711415,97292562,1.208931319,717377,17000000000000,127563115
11/17/2020 0:00,4464,18324640,293272997,1.282460433,772326,17600000000000,124869930
11/18/2020 0:00,4359,21194109,424743958,1.262037065,663959,17600000000000,126964112
11/19/2020 0:00,4790,16988027,633847835,1.330062818,587237,17600000000000,130557850
11/20/2020 0:00,4257,20641619,358043942,1.285111857,671932,17600000000000,128602937
11/21/2020 0:00,3691,20655876,374130037,1.15017216,756417,17600000000000,133025455
11/22/2020 0:00,3191,20906346,256287554,0.929209259,812699,17600000000000,137215283
11/23/2020 0:00,4180,18011288,276025443,1.229474912,736612,17600000000000,141076183
11/24/2020 0:00,5095,17683649,344268445,1.271609338,719237,17600000000000,140083639
11/25/2020 0:00,4812,20363513,523228041,1.233440948,644206,17600000000000,137459414
11/26/2020 0:00,4581,18340062,357330319,1.296814633,589008,17600000000000,135709931
11/27/2020 0:00,4357,17988302,867494794,1.285159448,623554,17600000000000,137334451
11/28/2020 0:00,3863,17630657,334361872,1.320298597,841581,17600000000000,135584967
11/29/2020 0:00,3597,18023228,203020073,1.104827073,756978,18200000000000,133710521
11/30/2020 0:00,5047,14684437,192293944,1.31850177,777633,19200000000000,131309770
12/1/2020 0:00,5020,21143567,570429939,1.277175283,729984,19200000000000,128313155
12/2/2020 0:00,5350,18291020,586228903,1.256613206,642981,19200000000000,131996846
12/3/2020 0:00,4591,21762339,311500179,1.310205045,582059,19200000000000,130449316
12/4/2020 0:00,4712,19296508,269817739,1.321027257,673269,19200000000000,133063744
12/5/2020 0:00,4132,18632288,278793731,1.342303167,737193,19200000000000,133409748
12/6/2020 0:00,3889,17217877,114151707,1.348579647,748572,19200000000000,133755752
12/7/2020 0:00,4145,19343628,119935508,1.202576087,713602,19200000000000,132914894
12/8/2020 0:00,4689,18941289,176619930,1.286537521,711679,19200000000000,137948519
12/9/2020 0:00,4972,17187412,273878281,1.275817914,654893,19200000000000,136860167
12/10/2020 0:00,5063,16448919,377966775,1.306710523,611911,19200000000000,137948519
12/11/2020 0:00,4856,16978667,264270265,1.325937022,696656,19200000000000,134275333
12/12/2020 0:00,4571,16396977,291983141,1.296116386,722550,19200000000000,133459070
12/13/2020 0:00,3610,19661608,175018095,1.174223994,751162,19100000000000,131826543
12/14/2020 0:00,4391,18516459,197236995,1.171579117,754492,18700000000000,134533588
12/15/2020 0:00,4775,18584576,156397143,1.292509964,851929,18700000000000,133351912
12/16/2020 0:00,4902,19816347,288887515,1.309532699,756109,18700000000000,132323572
12/17/2020 0:00,5407,22338873,712598807,1.299902845,638816,18700000000000,132373209
12/18/2020 0:00,5052,27241478,1177690832,1.271535987,649848,18700000000000,131791042
12/19/2020 0:00,4456,25884376,465956413,1.265624475,738842,18700000000000,133832921
12/20/2020 0:00,3897,24027163,428547893,1.344026093,782736,18700000000000,136823648
12/21/2020 0:00,4351,23298121,301633611,1.3453685,639280,18700000000000,135635056
12/22/2020 0:00,4848,23995220,647260163,1.302079021,662980,18700000000000,134441786
12/23/2020 0:00,4813,26038110,433884279,1.246276935,627843,18700000000000,134839543
12/24/2020 0:00,4837,20751170,583254746,1.270105952,696527,18700000000000,136297984
12/25/2020 0:00,4267,23792133,344759537,1.285844181,717073,18700000000000,135900227
12/26/2020 0:00,4269,23722328,375518728,1.384865839,775919,18700000000000,134176615
12/27/2020 0:00,4347,27533620,530655728,1.30395973,807268,18700000000000,131392317
12/28/2020 0:00,4190,29968235,822241572,1.296631931,809871,18600000000000,130994561
12/29/2020 0:00,4764,28221057,511058870,1.276643447,609741,18600000000000,134096926
12/30/2020 0:00,4435,33896444,584575020,1.25657489,711719,18600000000000,135214015
12/31/2020 0:00,4680,33284139,751041811,1.277365012,812749,18600000000000,137514351
1/1/2021 0:00,3926,29068047,606524120,1.352232664,851667,18600000000000,142734577
1/2/2021 0:00,4414,31908500,491258038,1.395637245,845343,18600000000000,143322828
1/3/2021 0:00,4743,35922359,1393906626,1.288693924,924851,18600000000000,145103346
1/4/2021 0:00,4622,39752809,975831415,1.318806191,940647,18600000000000,146350014
1/5/2021 0:00,5039,35314776,1432013253,1.292713083,883788,18600000000000,148066610
1/6/2021 0:00,4850,43004565,1026923832,1.293667921,760179,18600000000000,148727032
1/7/2021 0:00,5173,45226287,1414154053,1.269546125,768365,18600000000000,149387454
1/8/2021 0:00,5556,42358095,1836614179,1.295011068,801285,18600000000000,149651623
1/9/2021 0:00,5071,40693122,1794260807,1.260930863,796457,19400000000000,149519538
1/10/2021 0:00,4494,43171348,711474843,1.282691371,772596,20600000000000,148690226
1/11/2021 0:00,4904,37697672,1415450813,1.3372515,802110,20600000000000,151089413
1/12/2021 0:00,4970,38534704,3039065356,1.324212047,808283,20600000000000,150775619
1/13/2021 0:00,4724,37493720,1344114135,1.264865664,733398,20600000000000,151697119
1/14/2021 0:00,5061,42518141,1209077692,1.29648302,642730,20600000000000,150562301
1/15/2021 0:00,4940,41733818,988940895,1.315265806,720228,20600000000000,149884529
1/16/2021 0:00,4801,38126680,1194986405,1.31976832,757920,20600000000000,153019188
1/17/2021 0:00,4484,31937014,685084802,1.324590684,755823,20600000000000,155416163
1/18/2021 0:00,4588,36250412,650030054,1.342526855,736588,20600000000000,151611247
1/19/2021 0:00,4747,38439879,590495166,1.278255315,783335,20600000000000,150294161
1/20/2021 0:00,5021,34297106,579558849,1.277115723,710703,20600000000000,150440504
1/21/2021 0:00,5420,30287475,913461957,1.313049093,608849,20600000000000,148830732
1/22/2021 0:00,5270,31865792,1473827004,1.283418817,732867,20600000000000,146196560
1/23/2021 0:00,4291,33751645,1271924926,1.289703471,768537,20700000000000,144294102
1/24/2021 0:00,4123,30284997,414697183,1.307027871,787548,20800000000000,145607574
1/25/2021 0:00,4860,33137294,362355622,1.380525043,767142,20800000000000,146698958
1/26/2021 0:00,4460,35209828,724029497,1.360394143,888960,20800000000000,146182104
1/27/2021 0:00,5234,30148574,782611741,1.286615401,756022,20800000000000,148185308
1/28/2021 0:00,5045,32031716,1231838586,1.315946407,702062,20800000000000,148549581
1/29/2021 0:00,5646,39455374,1030518859,1.313147296,724841,20800000000000,151113602
1/30/2021 0:00,5302,33651947,2130003473,1.301743838,865515,20800000000000,152810308
1/31/2021 0:00,4650,33412205,559013708,1.310972458,836448,20800000000000,150095786
2/1/2021 0:00,5757,30096216,358122292,1.313160675,895626,20800000000000,150835174
2/2/2021 0:00,5391,38671645,555827114,1.300842533,856297,20800000000000,147877621
2/3/2021 0:00,5239,39131400,598901450,1.30181632,795079,20800000000000,146546723
2/4/2021 0:00,5367,43879560,704292314,1.286774544,718596,20800000000000,147729744
2/5/2021 0:00,4844,45671120,833075415,1.303817669,822971,20800000000000,149947908
2/6/2021 0:00,4734,45346981,464369302,1.286239648,903883,21400000000000,152461827
2/7/2021 0:00,4371,41085629,815234884,1.393552788,861426,21400000000000,156496366
2/8/2021 0:00,4775,48670643,507510700,1.386773296,796146,21400000000000,158947631
2/9/2021 0:00,5942,51636508,1848583587,1.278955734,857246,21400000000000,165861253
2/10/2021 0:00,5732,49429153,1278680840,1.290298839,788028,21400000000000,165150694
2/11/2021 0:00,5889,47377470,854939012,1.271182419,698818,21400000000000,164735890
2/12/2021 0:00,5773,53308083,990292287,1.272982458,769869,21400000000000,160711290
2/13/2021 0:00,4805,53952453,689712445,1.31935751,745457,21400000000000,157334595
2/14/2021 0:00,4410,50339561,410208224,1.323906899,829226,21400000000000,157086559
2/15/2021 0:00,4826,51761591,517594005,1.321964755,820203,21400000000000,156021049
2/16/2021 0:00,5844,42832907,708415697,1.29682724,884319,21400000000000,154346677
2/17/2021 0:00,5716,51285529,899200171,1.291019471,830094,21400000000000,150997932
2/18/2021 0:00,5706,53678747,1071500775,1.305050285,680893,21400000000000,150236854
2/19/2021 0:00,5563,59244126,665321948,1.328641824,761941,21500000000000,151454579
2/20/2021 0:00,5439,59691257,1203321962,1.321612397,796658,21700000000000,153151585
2/21/2021 0:00,4606,57635435,737451802,1.445759092,874171,21700000000000,151777618
2/22/2021 0:00,5532,52905474,515842592,1.334959,830544,21700000000000,150850010
2/23/2021 0:00,6114,48487888,1925933019,1.298336512,817077,21700000000000,148383786
2/24/2021 0:00,5302,59746179,2125994180,1.309937233,775777,21700000000000,149558391
2/25/2021 0:00,5149,57792548,1058762335,1.301001885,629972,21700000000000,153082074
2/26/2021 0:00,5754,47395144,915917916,1.293684331,748049,21700000000000,156295152
2/27/2021 0:00,4767,51148406,1077018778,1.291870166,810035,21700000000000,154427502
2/28/2021 0:00,4581,40396049,399909228,1.364487969,840642,21700000000000,156124508
3/1/2021 0:00,5514,44513744,724061273,1.347932731,752764,21700000000000,154581776
3/2/2021 0:00,5381,50567918,967845187,1.309441853,806404,21700000000000,154118956
3/3/2021 0:00,5274,55147755,645712709,1.301007401,677322,21700000000000,156587328
3/4/2021 0:00,5686,45722350,806146031,1.287553852,654593,21700000000000,155507415
3/5/2021 0:00,5329,49815984,781773550,1.323912208,723503,21700000000000,151187765
3/6/2021 0:00,4417,49711919,757198943,1.352091625,782612,21500000000000,152730497
3/7/2021 0:00,4285,49451163,314191308,1.369775685,833186,21400000000000,151688790
3/8/2021 0:00,4453,53803631,439137854,1.410230135,766597,21400000000000,153716876
3/9/2021 0:00,5443,52888356,593714546,1.31116065,818834,21400000000000,157270063
3/10/2021 0:00,5315,57652864,757075750,1.299936745,739312,21400000000000,156532985
3/11/2021 0:00,5621,52736913,1017432151,1.284828902,736008,21400000000000,155778275
3/12/2021 0:00,5353,60000114,867544808,1.314888067,782966,21400000000000,156136782
3/13/2021 0:00,5060,59410978,701008588,1.407024189,822884,21400000000000,155997206
3/14/2021 0:00,4498,64756375,988962162,1.316139204,808119,21400000000000,154598952
3/15/2021 0:00,5175,59673363,461229239,1.356310189,885634,21400000000000,156274409
3/16/2021 0:00,5402,57657199,1029700471,1.324155477,833389,21400000000000,155208209
3/17/2021 0:00,5843,54456147,933139262,1.292900154,742019,21400000000000,156579037
3/18/2021 0:00,5728,64386086,870414832,1.261881092,612850,21400000000000,154598952
3/19/2021 0:00,5594,61617468,769968937,1.323033318,781908,21500000000000,157645237
3/20/2021 0:00,4726,61522484,512236901,1.335281006,810265,21900000000000,157420618
3/21/2021 0:00,3823,60066263,388273949,1.455319064,780464,21900000000000,159552423
3/22/2021 0:00,5032,58540677,493777972,1.357444384,847860,21900000000000,159862384
3/23/2021 0:00,4880,60904324,818803864,1.352368143,790548,21900000000000,160766785
3/24/2021 0:00,4985,56905121,694554384,1.353617987,722993,21900000000000,163071648
3/25/2021 0:00,5385,55913486,930278334,1.316496,629197,21900000000000,165959097
3/26/2021 0:00,5674,49554041,798490266,1.318635669,776764,21900000000000,166720074
3/27/2021 0:00,4446,59212965,654657558,1.298147333,826466,21900000000000,165215304
3/28/2021 0:00,3861,58772016,417333165,1.315239252,900660,21900000000000,165991691
3/29/2021 0:00,4908,59732041,354789416,1.282992013,814587,21900000000000,166457524
3/30/2021 0:00,5503,58978792,778905384,1.312332404,795716,21900000000000,166457524
3/31/2021 0:00,5565,63698731,505528991,1.345339949,704293,21900000000000,164128361
4/1/2021 0:00,5438,58722693,716750367,1.336590924,618857,21900000000000,164904748
4/2/2021 0:00,5567,57243513,384195844,1.314276629,763702,23100000000000,163507251
4/3/2021 0:00,5249,54056516,484719746,1.31216216,841579,23100000000000,165320614
4/4/2021 0:00,4118,56501559,350520423,1.370052185,860993,23100000000000,162156065
4/5/2021 0:00,4724,62213130,244447138,1.40872141,761635,23100000000000,161456162
4/6/2021 0:00,5756,58865754,401549573,1.343027368,853581,23100000000000,163641577
4/7/2021 0:00,5408,61699929,389087526,1.30412665,762965,23100000000000,164631662
4/8/2021 0:00,5557,53025107,756167636,1.314213851,653736,23100000000000,166049721
4/9/2021 0:00,5538,62936806,475807458,1.328603684,762819,23100000000000,165551987
4/10/2021 0:00,4800,64092742,407439694,1.351301427,839652,23100000000000,167595962
4/11/2021 0:00,4388,58799841,689236660,1.377041414,854552,23100000000000,171868016
4/12/2021 0:00,5156,59662203,315279096,1.345640743,952400,23100000000000,171703706
4/13/2021 0:00,5727,61441759,533381831,1.337717894,733666,23100000000000,169731989
4/14/2021 0:00,6165,63141327,932699540,1.288458481,611196,23100000000000,169403369
4/15/2021 0:00,5410,80172245,1004822806,1.317252273,754058,23200000000000,165788554
4/16/2021 0:00,7236,48356809,480649145,1.317298553,674744,23600000000000,172130189
4/17/2021 0:00,6646,45028088,905029646,1.355659176,829989,23600000000000,164404171
4/18/2021 0:00,5939,57721966,444839749,1.29418196,719498,23600000000000,153847005
4/19/2021 0:00,6980,47180246,1795641744,1.305400649,757844,23600000000000,150787955
4/20/2021 0:00,6458,62004694,829117287,1.329866672,794322,23600000000000,143371615
4/21/2021 0:00,7102,49225544,971129684,1.306862505,695216,23600000000000,141475361
4/22/2021 0:00,5148,64293953,629420905,1.27619135,585806,23600000000000,136207676
4/23/2021 0:00,5748,55567385,1187405699,1.315820052,677984,23600000000000,131796266
4/24/2021 0:00,4801,53877733,1413848471,1.32622569,748381,23600000000000,137155199
4/25/2021 0:00,4082,49453313,458274327,1.342451369,728620,23600000000000,146198399
4/26/2021 0:00,5760,47389588,576635611,1.314773175,703520,23600000000000,149045332
4/27/2021 0:00,5023,57182089,848207063,1.316657338,738101,23600000000000,151892265
4/28/2021 0:00,4935,56029341,509014491,1.311624768,677778,23600000000000,154236799
4/29/2021 0:00,5473,48848198,563311742,1.364329738,587240,23600000000000,161102932
4/30/2021 0:00,4893,59389761,579652973,1.388769759,746177,23600000000000,157586132
5/1/2021 0:00,4725,56995422,683907405,1.345956439,772207,23000000000000,159260799
5/2/2021 0:00,3019,70637246,337492055,1.407752259,808208,20600000000000,157685931
5/3/2021 0:00,4017,71252796,286521389,1.462600847,843433,20600000000000,161148443
5/4/2021 0:00,4146,68034176,571622385,1.336464895,804452,20600000000000,167961732
5/5/2021 0:00,5002,61161963,836868263,1.34764428,744143,20600000000000,170671365
5/6/2021 0:00,4895,66659326,775797223,1.361765376,690253,20600000000000,169868526
5/7/2021 0:00,4631,71663299,605987089,1.296296715,824736,20600000000000,174317610
5/8/2021 0:00,4303,67678885,622419281,1.310903526,854634,20600000000000,175207666
5/9/2021 0:00,3620,71465404,523002028,1.360895032,852846,20600000000000,177526237
5/10/2021 0:00,4447,71072063,534233808,1.374446744,806882,20600000000000,177672590
5/11/2021 0:00,4859,64607298,903456809,1.349528221,752353,20600000000000,178111649
5/12/2021 0:00,4849,64585949,546570033,1.371222884,646899,20600000000000,176794472
5/13/2021 0:00,4940,53650243,928999961,1.31155523,604353,23200000000000,178989768
5/14/2021 0:00,5469,45652933,1528100267,1.315543037,684281,25000000000000,180666398
5/15/2021 0:00,5184,41386832,573671659,1.347771789,619246,25000000000000,179327828
5/16/2021 0:00,4488,41709083,536658388,1.371701076,734818,25000000000000,176179075
5/17/2021 0:00,5509,36875391,795540649,1.334121628,694786,25000000000000,172435828
5/18/2021 0:00,5965,30628667,1365356635,1.33218696,695822,25000000000000,167614165
5/19/2021 0:00,5819,36558890,776420982,1.32228564,603588,25000000000000,160228123
5/20/2021 0:00,6135,33135536,3192479061,1.304127188,555526,25000000000000,157288751
5/21/2021 0:00,6326,31984319,1507671103,1.289615355,643231,25000000000000,150653186
5/22/2021 0:00,5097,31076145,1438210290,1.289550336,640506,25000000000000,146384382
5/23/2021 0:00,4641,28944159,666031628,1.37997195,641585,25000000000000,145139315
5/24/2021 0:00,4951,32668797,1106858419,1.345942548,602300,25000000000000,142827046
5/25/2021 0:00,5102,32577928,1032788865,1.359462618,616432,25000000000000,143716380
5/26/2021 0:00,5104,32976616,719154798,1.300155164,537305,25000000000000,147807317
5/27/2021 0:00,5030,30872457,676198904,1.262394282,476088,25000000000000,147273717
5/28/2021 0:00,5094,29892496,489470054,1.343872412,599311,25000000000000,148163051
5/29/2021 0:00,4533,27237217,694420431,1.322726397,615006,25000000000000,149763852
5/30/2021 0:00,3238,33235125,458364767,1.499183174,663855,21200000000000,149763852
5/31/2021 0:00,4128,33914624,329083646,1.440666773,692529,21000000000000,150291730
6/1/2021 0:00,4148,34238306,481997703,1.365650648,632737,21000000000000,148955750
6/2/2021 0:00,3864,41033278,465003629,1.291096494,537842,21000000000000,148302839
6/3/2021 0:00,4571,37237145,472220580,1.293653803,467665,21000000000000,151415070
6/4/2021 0:00,4754,32433140,439066611,1.290167015,615279,21000000000000,152576709
6/5/2021 0:00,4098,31004149,501492074,1.083916901,656191,21000000000000,150991098
6/6/2021 0:00,3074,34551597,437701949,0.948718753,581779,21000000000000,149939088
6/7/2021 0:00,4419,32065211,244244790,1.250724722,679752,21000000000000,150665524
6/8/2021 0:00,4332,31680870,468061636,1.286348819,616007,21000000000000,149469766
6/9/2021 0:00,4593,29082025,898174397,1.067569262,584529,21000000000000,150516054
6/10/2021 0:00,5582,28990969,839878615,1.311452424,480484,21000000000000,144537264
6/11/2021 0:00,5721,25753795,619830808,1.401894276,624698,21000000000000,140202641
6/12/2021 0:00,4276,31189779,418192316,1.489759523,677276,21000000000000,136316427
6/13/2021 0:00,3538,31382109,400987660,1.174923765,651528,20800000000000,136465896
6/14/2021 0:00,4393,36421303,496421300,1.263461481,601894,19900000000000,133577498
6/15/2021 0:00,5041,34465051,773480687,1.294162252,567037,19900000000000,132807547
6/16/2021 0:00,5098,31780142,563639731,1.35400787,489074,19900000000000,129079872
6/17/2021 0:00,4533,32585835,527484732,1.169748708,441204,19900000000000,127657585
6/18/2021 0:00,4487,29858234,473543196,1.164026726,549345,19900000000000,128421920
6/19/2021 0:00,4678,23856840,492347273,1.187639903,550948,19900000000000,130280050
6/20/2021 0:00,4106,23743052,344470416,1.262359057,598493,19900000000000,125129903
6/21/2021 0:00,5051,23126700,467990641,1.353235933,594998,19900000000000,120460803
6/22/2021 0:00,5958,19804046,881732121,1.392932692,564091,19900000000000,116214241
6/23/2021 0:00,5679,23621428,1181870045,1.392618861,490112,19900000000000,110552159
6/24/2021 0:00,5409,23766132,567894517,1.380862733,379066,19900000000000,107438013
6/25/2021 0:00,4956,24364896,346763749,1.395703382,580308,19900000000000,103899212
6/26/2021 0:00,5408,18459502,487441486,1.420391607,566351,19900000000000,101917483
6/27/2021 0:00,6242,13064510,383763275,1.424897492,567655,19900000000000,99935754
6/28/2021 0:00,6343,20581266,356498319,1.370945632,609509,19900000000000,93424359
6/29/2021 0:00,6157,21860395,355900533,1.401325167,532456,19900000000000,90876422
6/30/2021 0:00,6129,21597056,385135142,1.359347292,583136,19900000000000,90734870
7/1/2021 0:00,6221,22482194,406967842,1.392820968,467442,19900000000000,89036245
7/2/2021 0:00,5856,20787751,324116506,1.403917178,547735,19900000000000,87620725
7/3/2021 0:00,4395,29286315,217066487,1.420467622,579824,15600000000000,84789684
7/4/2021 0:00,3920,26850967,169572916,1.441163609,568382,14400000000000,86292418
7/5/2021 0:00,3986,29781454,130884160,1.327586447,580441,14400000000000,89670681
7/6/2021 0:00,3927,31922407,262649989,1.097025444,569423,14400000000000,90819461
7/7/2021 0:00,4466,27871474,258109070,1.173740122,485683,14400000000000,92563570
7/8/2021 0:00,4067,29946768,205349507,1.030018576,436977,14400000000000,92511259
7/9/2021 0:00,4253,28042394,358897369,1.259713985,560833,14400000000000,93241612
7/10/2021 0:00,2982,34562838,195359783,0.840594553,542415,14400000000000,93863737
7/11/2021 0:00,3374,27450462,179503025,1.110524304,564753,14400000000000,96184637
7/12/2021 0:00,4253,27887294,135783786,1.177102119,572802,14400000000000,97204622
7/13/2021 0:00,3868,28926080,192174938,1.159622037,552751,14400000000000,96592631
7/14/2021 0:00,3224,35713899,196978690,0.909874071,458821,14400000000000,95980639
7/15/2021 0:00,4323,26360965,250745295,1.21130982,422214,14400000000000,100774572
7/16/2021 0:00,3583,30312671,242886860,0.930522387,552678,14400000000000,99652587
7/17/2021 0:00,3137,28583415,223188595,0.784945664,571829,14300000000000,101590560
7/18/2021 0:00,2801,28985344,153024609,0.803860868,571507,13700000000000,99739877
7/19/2021 0:00,3081,33665753,119375610,0.913009459,571344,13700000000000,100971806
7/20/2021 0:00,4498,23622406,227653989,1.286061041,581850,13700000000000,104626220
7/21/2021 0:00,3827,28599771,334239343,1.092054917,497255,13700000000000,102600065
7/22/2021 0:00,3614,32359586,446695088,0.949214778,440908,13700000000000,99339155
7/23/2021 0:00,4202,27972460,205069639,1.053501852,644448,13700000000000,101138948
7/24/2021 0:00,3136,33022007,190920634,0.843060662,600692,13700000000000,98947055
7/25/2021 0:00,2735,33196893,149062682,0.79278883,605433,13700000000000,99328674
7/26/2021 0:00,4044,36493146,213671234,1.147170953,620900,13700000000000,100202534
7/27/2021 0:00,3330,40625845,985237334,1.092558159,629903,13700000000000,98260624
7/28/2021 0:00,3745,39723886,636929010,1.011709707,532121,13700000000000,102921207
7/29/2021 0:00,3878,40901818,648707028,1.022161838,474430,13700000000000,104086353
7/30/2021 0:00,3746,42087445,291830057,0.92933541,583866,13700000000000,104766021
7/31/2021 0:00,3258,41621939,484267642,0.81558393,593856,14300000000000,107775981
8/1/2021 0:00,2917,40874038,231216115,0.772602162,587149,14500000000000,108889829
8/2/2021 0:00,3830,35937889,273365144,1.267856245,614597,14500000000000,109887907
8/3/2021 0:00,3344,41637592,304362109,0.948733722,636514,14500000000000,110044865
8/4/2021 0:00,4121,33520445,357077322,1.179495081,529222,14500000000000,110936509
8/5/2021 0:00,3713,39935192,381430418,0.962914531,482998,14500000000000,109693177
8/6/2021 0:00,3829,41573127,589529887,1.037619541,611235,14500000000000,110629262
8/7/2021 0:00,3044,45850269,458571279,0.791597707,626461,14500000000000,110879829
8/8/2021 0:00,2894,44179355,577948603,0.804929576,631031,14500000000000,112005261
8/9/2021 0:00,3749,43228448,424351429,1.125952382,605994,14500000000000,112417045
8/10/2021 0:00,3608,48233369,673221004,0.98985457,639596,14500000000000,113343559
8/11/2021 0:00,4051,42939211,341739412,1.108843374,520081,14500000000000,112931775
8/12/2021 0:00,3807,42929377,357102155,1.030409874,474649,14500000000000,114064181
8/13/2021 0:00,4340,42018438,364203587,1.243908021,628859,15300000000000,113137667
8/14/2021 0:00,3077,48765928,413817979,0.764561226,618951,15600000000000,112222868
8/15/2021 0:00,2489,53211493,289525608,0.823579588,604474,15600000000000,113148143
8/16/2021 0:00,3665,47962042,238769871,1.105397012,613135,15600000000000,116988411
8/17/2021 0:00,3405,51238798,328414270,1.141141134,676861,15600000000000,119126462
8/18/2021 0:00,4229,38733932,391450533,1.248408874,555440,15600000000000,121141397
8/19/2021 0:00,3773,44064383,318619550,1.114092584,474281,15600000000000,120921930
8/20/2021 0:00,4050,48449546,334784600,1.152746675,648964,15600000000000,122389630
8/21/2021 0:00,3156,52705963,393922039,0.842739371,637990,15600000000000,124611387
8/22/2021 0:00,2742,50723143,293309782,0.83821425,636566,15600000000000,125274213
8/23/2021 0:00,3082,62783445,175696197,0.928536898,625141,15600000000000,123285734
8/24/2021 0:00,3926,48446097,347662894,1.135454006,619412,15600000000000,127262693
8/25/2021 0:00,3792,48840322,329218454,0.960131463,538074,16400000000000,125274213
8/26/2021 0:00,4115,44344741,308193605,1.019037205,474721,17600000000000,129030252
8/27/2021 0:00,4104,44045252,350695648,1.025525534,591561,17600000000000,130281221
8/28/2021 0:00,3732,43653821,314537379,0.933237397,656399,17600000000000,130869363
8/29/2021 0:00,2943,48550300,127683989,0.849401571,682571,17600000000000,129727331
8/30/2021 0:00,4220,41207633,185179756,1.178416407,714181,17600000000000,131124515
8/31/2021 0:00,4399,43189751,243698082,1.141913701,686568,17600000000000,126249209
9/1/2021 0:00,4757,41665459,261861262,1.256872029,574763,17600000000000,127249993
9/2/2021 0:00,4569,47307177,295404213,1.258125812,506792,17600000000000,125718040
9/3/2021 0:00,4478,47116729,333198224,1.2684945,627019,17600000000000,126093318
9/4/2021 0:00,3600,49149539,364637471,0.886053858,662890,17600000000000,126343503
9/5/2021 0:00,2967,52134865,190864423,0.812051756,653910,17600000000000,128094799
9/6/2021 0:00,3446,57266556,205763894,1.087901,691292,17600000000000,129095540
9/7/2021 0:00,4155,50271635,345881389,1.140718497,640477,17600000000000,133723965
9/8/2021 0:00,4436,41770433,984208204,1.125560697,552535,18400000000000,134849799
9/9/2021 0:00,4869,40368816,440223166,1.192685431,495873,18400000000000,136270749
9/10/2021 0:00,4515,39761194,315266288,1.19447636,609049,18400000000000,135548079
9/11/2021 0:00,3648,42455401,348659558,1.082964554,646621,18400000000000,134819727
9/12/2021 0:00,3252,42869858,133023638,0.835119109,654103,18400000000000,134785023
9/13/2021 0:00,3605,45344744,137153005,1.050338767,673139,18400000000000,133493711
9/14/2021 0:00,3634,49469864,398357110,1.037876732,652602,18400000000000,132770954
9/15/2021 0:00,4390,43026873,260550304,1.331678662,561878,18400000000000,135601927
9/16/2021 0:00,4741,41447858,241115252,1.506390096,501580,18400000000000,135613292
9/17/2021 0:00,4275,45000741,265469578,1.224006599,645684,18400000000000,135482517
9/18/2021 0:00,3521,47817680,233662731,0.955009994,596757,18400000000000,136921038
9/19/2021 0:00,3057,48131992,171820050,0.770383031,645903,18400000000000,137836460
9/20/2021 0:00,3767,46493150,135623203,1.214339067,642773,18400000000000,139536530
9/21/2021 0:00,4640,33328734,605141090,1.220175537,679045,18600000000000,140190404
9/22/2021 0:00,4592,36087715,726831469,1.23450309,536442,19000000000000,134495824
9/23/2021 0:00,3771,46022168,355516149,1.016578461,494512,19000000000000,134003917
9/24/2021 0:00,4452,40572792,369977053,1.205603176,613346,19000000000000,138478903
9/25/2021 0:00,3623,38679199,594658891,0.84045934,620834,19000000000000,139221878
9/26/2021 0:00,3444,38084248,132297207,0.914658245,589252,19000000000000,138379012
9/27/2021 0:00,3750,43218817,231309917,1.051818432,706763,19000000000000,136207718
9/28/2021 0:00,3870,40399023,249740960,1.184401961,697433,19000000000000,135671903
9/29/2021 0:00,4316,34503900,275833680,1.151118546,631501,19000000000000,139902835
9/30/2021 0:00,4024,46789306,221224597,1.253955175,553275,19000000000000,139363191
10/1/2021 0:00,4834,40884976,360342502,1.237001443,650133,19000000000000,140172657
10/2/2021 0:00,3239,56739068,688291407,0.942906436,729159,19000000000000,139093368
10/3/2021 0:00,3545,45436121,184243788,0.9103214,657752,19000000000000,145029458
10/4/2021 0:00,3914,47639373,183312374,1.167222923,784172,19000000000000,146513480
10/5/2021 0:00,4250,52076953,370887916,1.274705579,689788,19900000000000,146661109
10/6/2021 0:00,4821,43942895,437607953,1.196702588,620238,19900000000000,149322866
10/7/2021 0:00,5253,49405388,869275030,1.430095348,536877,19900000000000,150290764
10/8/2021 0:00,5516,41966395,402001281,1.460428058,676676,19900000000000,147140005
10/9/2021 0:00,4028,52134455,375062388,1.289836107,673664,19900000000000,145204824
10/10/2021 0:00,3255,55625852,168430381,0.881602868,677323,19900000000000,141032003
10/11/2021 0:00,4352,52898160,294613550,1.266067712,690594,19900000000000,143257234
10/12/2021 0:00,5004,48626582,350997310,1.312662,744869,19900000000000,142823773
10/13/2021 0:00,3851,60196305,516916488,1.107308355,674026,19900000000000,138585678
10/14/2021 0:00,4840,51775839,471270462,1.33977365,559522,19900000000000,143953931
10/15/2021 0:00,5137,54670344,339375043,1.296617191,693822,19900000000000,143388852
10/16/2021 0:00,4867,51917023,825023912,1.295533406,743673,19900000000000,146355518
10/17/2021 0:00,3405,61555797,263628463,0.903351362,713105,19900000000000,143953931
10/18/2021 0:00,4421,58173902,271015043,1.212650628,765389,19900000000000,144095201
10/19/2021 0:00,4561,61804735,753842252,1.302747961,693316,20100000000000,144403298
10/20/2021 0:00,4536,61742492,594456878,1.179138664,597144,20100000000000,147578458
10/21/2021 0:00,4907,60807152,650092517,1.512783581,554996,20100000000000,144953486
10/22/2021 0:00,4256,63205406,917892846,1.168189481,704167,20100000000000,146706532
