Timestamp,hash-rate
2018-10-31 00:00:00,49427516.8504802
2018-11-01 00:00:00,51977956.31644924
2018-11-02 00:00:00,52845282.14995184
2018-11-03 00:00:00,52846858.85966791
2018-11-04 00:00:00,54123853.769325785
2018-11-05 00:00:00,53309080.35703243
2018-11-06 00:00:00,53157630.698790364
2018-11-07 00:00:00,51832813.49707148
2018-11-08 00:00:00,50150956.82200106
2018-11-09 00:00:00,48468824.49837889
2018-11-10 00:00:00,47652507.45419568
2018-11-11 00:00:00,46121912.996352136
2018-11-12 00:00:00,47244348.93210406
2018-11-13 00:00:00,47091289.486319706
2018-11-14 00:00:00,46683130.964228086
2018-11-15 00:00:00,46938230.04053534
2018-11-16 00:00:00,47244348.93210406
2018-11-17 00:00:00,47185785.91291597
2018-11-18 00:00:00,47353181.04189558
2018-11-19 00:00:00,45715818.24939444
2018-11-20 00:00:00,44526318.98835641
2018-11-21 00:00:00,44640705.31233623
2018-11-22 00:00:00,42714092.6483446
2018-11-23 00:00:00,41998858.13251289
2018-11-24 00:00:00,41483931.27576368
2018-11-25 00:00:00,41389434.84916741
2018-11-26 00:00:00,41578427.70235995
2018-11-27 00:00:00,40869704.502887905
2018-11-28 00:00:00,40822456.28958978
2018-11-29 00:00:00,41436683.06246555
2018-11-30 00:00:00,40633463.43639724
2018-12-01 00:00:00,39499506.31724197
2018-12-02 00:00:00,38601790.26457738
2018-12-03 00:00:00,37987563.49170161
2018-12-04 00:00:00,37757484.0987607
2018-12-05 00:00:00,37101457.81240007
2018-12-06 00:00:00,36738876.2898894
2018-12-07 00:00:00,37191010.29589564
2018-12-08 00:00:00,36990084.38140167
2018-12-09 00:00:00,36223720.325717516
2018-12-10 00:00:00,35969936.15414294
2018-12-11 00:00:00,35927585.01089079
2018-12-12 00:00:00,35406314.246223845
2018-12-13 00:00:00,35005336.73494159
2018-12-14 00:00:00,34844945.73042867
2018-12-15 00:00:00,36128073.76653191
2018-12-16 00:00:00,37010224.29135288
2018-12-17 00:00:00,36488953.52668594
2018-12-18 00:00:00,37932472.56730209
2018-12-19 00:00:00,38029757.87999836
2018-12-20 00:00:00,38621228.80228803
2018-12-21 00:00:00,38263941.14131167
2018-12-22 00:00:00,37486502.68514604
2018-12-23 00:00:00,37857979.277734585
2018-12-24 00:00:00,39629042.503029644
2018-12-25 00:00:00,38725392.66323073
2018-12-26 00:00:00,39381720.460651256
2018-12-27 00:00:00,39671825.21542586
2018-12-28 00:00:00,41086085.894952014
2018-12-29 00:00:00,42065189.44231628
2018-12-30 00:00:00,40723454.95148378
2018-12-31 00:00:00,40723454.95148378
2019-01-01 00:00:00,40988642.93864155
2019-01-02 00:00:00,41167951.69083558
2019-01-03 00:00:00,41499587.17874794
2019-01-04 00:00:00,41374351.156813644
2019-01-05 00:00:00,41263555.15423308
2019-01-06 00:00:00,42762992.71688323
2019-01-07 00:00:00,42006626.677082494
2019-01-08 00:00:00,41855386.914447784
2019-01-09 00:00:00,42653392.38469464
2019-01-10 00:00:00,43172095.9403551
2019-01-11 00:00:00,43211996.21386744
2019-01-12 00:00:00,43172095.9403551
2019-01-13 00:00:00,42174589.10254652
2019-01-14 00:00:00,42014988.008497156
2019-01-15 00:00:00,42592390.90281262
2019-01-16 00:00:00,41364858.10563411
2019-01-17 00:00:00,40378611.626217365
2019-01-18 00:00:00,39460857.633699015
2019-01-19 00:00:00,39321940.28148003
2019-01-20 00:00:00,39373100.91338421
2019-01-21 00:00:00,40467000.62360207
2019-01-22 00:00:00,40531401.6940547
2019-01-23 00:00:00,40447831.793654576
2019-01-24 00:00:00,40991036.14625531
2019-01-25 00:00:00,42453509.40325727
2019-01-26 00:00:00,42453509.40325727
2019-01-27 00:00:00,43163853.55665823
2019-01-28 00:00:00,42328154.552657105
2019-01-29 00:00:00,42070490.13916485
2019-01-30 00:00:00,42667170.64818566
2019-01-31 00:00:00,42182365.65023651
2019-02-01 00:00:00,41813561.42624767
2019-02-02 00:00:00,42571473.8981909
2019-02-03 00:00:00,42249870.14245677
2019-02-04 00:00:00,42223714.957061954
2019-02-05 00:00:00,42283653.5059508
2019-02-06 00:00:00,42324946.1363277
2019-02-07 00:00:00,43481139.786881045
2019-02-08 00:00:00,44265699.76404225
2019-02-09 00:00:00,44472162.91592678
2019-02-10 00:00:00,44719918.6981882
2019-02-11 00:00:00,44881391.03419476
2019-02-12 00:00:00,45052997.46036647
2019-02-13 00:00:00,44492827.386146426
2019-02-14 00:00:00,44306824.50785981
2019-02-15 00:00:00,43191347.20788055
2019-02-16 00:00:00,41927449.37113639
2019-02-17 00:00:00,42190406.28864556
2019-02-18 00:00:00,43174813.52311371
2019-02-19 00:00:00,43605270.28805004
2019-02-20 00:00:00,44810549.22987175
2019-02-21 00:00:00,43820498.6705182
2019-02-22 00:00:00,42873493.78765827
2019-02-23 00:00:00,44380092.46493541
2019-02-24 00:00:00,44078772.729479976
2019-02-25 00:00:00,43134261.35239368
2019-02-26 00:00:00,42628200.62640031
2019-02-27 00:00:00,42855236.492090605
2019-02-28 00:00:00,43339079.64864058
2019-03-01 00:00:00,44684496.38070917
2019-03-02 00:00:00,44696377.202336416
2019-03-03 00:00:00,44232555.4303805
2019-03-04 00:00:00,44628180.42019511
2019-03-05 00:00:00,44369466.33080267
2019-03-06 00:00:00,43852038.152017795
2019-03-07 00:00:00,43291490.958334185
2019-03-08 00:00:00,42946538.839144275
2019-03-09 00:00:00,42256634.600764446
2019-03-10 00:00:00,42515348.690156884
2019-03-11 00:00:00,42083550.082220696
2019-03-12 00:00:00,42296165.80599963
2019-03-13 00:00:00,42034451.38454937
2019-03-14 00:00:00,42333452.00752722
2019-03-15 00:00:00,42890747.09303626
2019-03-16 00:00:00,43189370.05183899
2019-03-17 00:00:00,44263925.4653884
2019-03-18 00:00:00,44692660.79723757
2019-03-19 00:00:00,45511523.43479544
2019-03-20 00:00:00,46847562.47502144
2019-03-21 00:00:00,47968111.347469054
2019-03-22 00:00:00,47450934.94480093
2019-03-23 00:00:00,47795719.213246346
2019-03-24 00:00:00,47019954.609244145
2019-03-25 00:00:00,47511942.70877222
2019-03-26 00:00:00,47277876.56817043
2019-03-27 00:00:00,45849305.980087586
2019-03-28 00:00:00,45660541.983147025
2019-03-29 00:00:00,46111636.159224965
2019-03-30 00:00:00,45832267.87496195
2019-03-31 00:00:00,45880050.978299916
2019-04-01 00:00:00,45392747.94855412
2019-04-02 00:00:00,44849122.22461935
2019-04-03 00:00:00,45891071.52882768
2019-04-04 00:00:00,45573956.523199074
2019-04-05 00:00:00,45302143.66123168
2019-04-06 00:00:00,45800467.24150522
2019-04-07 00:00:00,45800760.35312041
2019-04-08 00:00:00,45905140.88635675
2019-04-09 00:00:00,46463226.783307485
2019-04-10 00:00:00,45343570.102845006
2019-04-11 00:00:00,45629843.13782836
2019-04-12 00:00:00,46415319.08793084
2019-04-13 00:00:00,46112957.36693338
2019-04-14 00:00:00,45944645.703356765
2019-04-15 00:00:00,45082048.60023051
2019-04-16 00:00:00,44945849.05763162
2019-04-17 00:00:00,45536047.0755601
2019-04-18 00:00:00,45082048.60023049
2019-04-19 00:00:00,44718849.81996679
2019-04-20 00:00:00,44764249.66749974
2019-04-21 00:00:00,44582650.27736789
2019-04-22 00:00:00,46358030.738890514
2019-04-23 00:00:00,45820575.06684863
2019-04-24 00:00:00,44471034.320446484
2019-04-25 00:00:00,45559736.867604636
2019-04-26 00:00:00,45246724.34261105
2019-04-27 00:00:00,45158438.97473425
2019-04-28 00:00:00,45391928.6805472
2019-04-29 00:00:00,45431648.32671012
2019-04-30 00:00:00,46740007.61317944
2019-05-01 00:00:00,47822787.71232646
2019-05-02 00:00:00,48183714.41204213
2019-05-03 00:00:00,50033463.74808495
2019-05-04 00:00:00,50078579.5855494
2019-05-05 00:00:00,50041434.90466358
2019-05-06 00:00:00,48827339.2115339
2019-05-07 00:00:00,48660338.773432866
2019-05-08 00:00:00,48388716.86425587
2019-05-09 00:00:00,47908384.965304114
2019-05-10 00:00:00,46746356.70158451
2019-05-11 00:00:00,45838154.26510412
2019-05-12 00:00:00,45881810.265801124
2019-05-13 00:00:00,47262072.19288435
2019-05-14 00:00:00,48023596.014723375
2019-05-15 00:00:00,49213476.98634685
2019-05-16 00:00:00,49070691.26975203
2019-05-17 00:00:00,48880310.314292274
2019-05-18 00:00:00,50117786.524780676
2019-05-19 00:00:00,51214225.965317614
2019-05-20 00:00:00,51455052.942670956
2019-05-21 00:00:00,51172297.31357711
2019-05-22 00:00:00,51222568.44080637
2019-05-23 00:00:00,52082203.481269635
2019-05-24 00:00:00,52656109.68334538
2019-05-25 00:00:00,52753976.04943957
2019-05-26 00:00:00,52135937.522852704
2019-05-27 00:00:00,52231162.97951544
2019-05-28 00:00:00,52516839.34950367
2019-05-29 00:00:00,53040579.36114876
2019-05-30 00:00:00,53373868.45946837
2019-05-31 00:00:00,53517351.455394745
2019-06-01 00:00:00,52430641.24589246
2019-06-02 00:00:00,53764035.527405046
2019-06-03 00:00:00,52847618.057864495
2019-06-04 00:00:00,51200279.005999885
2019-06-05 00:00:00,51549891.83897488
2019-06-06 00:00:00,51741225.451466784
2019-06-07 00:00:00,52391955.68991894
2019-06-08 00:00:00,54563917.452595055
2019-06-09 00:00:00,53133601.16985713
2019-06-10 00:00:00,53981196.0040722
2019-06-11 00:00:00,55994233.73533298
2019-06-12 00:00:00,55411512.28681012
2019-06-13 00:00:00,53875246.64979531
2019-06-14 00:00:00,53557398.58696467
2019-06-15 00:00:00,54082274.33669795
2019-06-16 00:00:00,55195584.690390095
2019-06-17 00:00:00,54248595.791119024
2019-06-18 00:00:00,52929712.93523461
2019-06-19 00:00:00,53931003.706999116
2019-06-20 00:00:00,56304637.07335659
2019-06-21 00:00:00,55882395.934463434
2019-06-22 00:00:00,53985662.65170729
2019-06-23 00:00:00,53722574.62708884
2019-06-24 00:00:00,56406072.47819709
2019-06-25 00:00:00,58721247.094839506
2019-06-26 00:00:00,57826747.811136745
2019-06-27 00:00:00,57195336.55205245
2019-06-28 00:00:00,57552683.32654218
2019-06-29 00:00:00,59739282.95366378
2019-06-30 00:00:00,62124770.89416702
2019-07-01 00:00:00,61165896.3321803
2019-07-02 00:00:00,59910359.24671195
2019-07-03 00:00:00,61131189.48583869
2019-07-04 00:00:00,62141158.69857858
2019-07-05 00:00:00,63617010.31623937
2019-07-06 00:00:00,65082061.0409712
2019-07-07 00:00:00,65307453.46016071
2019-07-08 00:00:00,65363801.564958096
2019-07-09 00:00:00,67335985.23286632
2019-07-10 00:00:00,67824437.59753051
2019-07-11 00:00:00,66436142.99143575
2019-07-12 00:00:00,65329588.909327865
2019-07-13 00:00:00,65236285.6663823
2019-07-14 00:00:00,64282328.423973404
2019-07-15 00:00:00,64994549.13232235
2019-07-16 00:00:00,64362436.053442694
2019-07-17 00:00:00,65398734.029139936
2019-07-18 00:00:00,65656209.35996332
2019-07-19 00:00:00,65141258.69831656
2019-07-20 00:00:00,62180292.39384763
2019-07-21 00:00:00,64497570.37125809
2019-07-22 00:00:00,64755045.70208146
2019-07-23 00:00:00,65527471.69455161
2019-07-24 00:00:00,64272984.394006155
2019-07-25 00:00:00,64609474.122063085
2019-07-26 00:00:00,66422512.06746268
2019-07-27 00:00:00,69452834.29261257
2019-07-28 00:00:00,67789239.82918887
2019-07-29 00:00:00,69400228.24262595
2019-07-30 00:00:00,69983819.38224609
2019-07-31 00:00:00,69900133.59643506
2019-08-01 00:00:00,71948489.15970054
2019-08-02 00:00:00,71436400.26888415
2019-08-03 00:00:00,71628433.6029403
2019-08-04 00:00:00,72972666.94133328
2019-08-05 00:00:00,72460578.05051689
2019-08-06 00:00:00,71750336.91595866
2019-08-07 00:00:00,74077368.96597403
2019-08-08 00:00:00,73980793.8246928
2019-08-09 00:00:00,74960524.08975093
2019-08-10 00:00:00,74566507.44960834
2019-08-11 00:00:00,74200088.84510118
2019-08-12 00:00:00,74359558.14922813
2019-08-13 00:00:00,73747045.07134311
2019-08-14 00:00:00,73463402.59029947
2019-08-15 00:00:00,73392491.97003858
2019-08-16 00:00:00,74456151.27395217
2019-08-17 00:00:00,74456151.27395217
2019-08-18 00:00:00,72825207.00795132
2019-08-19 00:00:00,70938762.0150292
2019-08-20 00:00:00,73295435.9189537
2019-08-21 00:00:00,73227077.85694619
2019-08-22 00:00:00,72283871.86080377
2019-08-23 00:00:00,71347701.30319196
2019-08-24 00:00:00,71988449.44379352
2019-08-25 00:00:00,74482723.32512148
2019-08-26 00:00:00,76729088.15301374
2019-08-27 00:00:00,74848827.7458711
2019-08-28 00:00:00,73547109.00246464
2019-08-29 00:00:00,74631874.62197001
2019-08-30 00:00:00,76367499.61317861
2019-08-31 00:00:00,76873723.56894778
2019-09-01 00:00:00,77307629.81674993
2019-09-02 00:00:00,76949688.48478605
2019-09-03 00:00:00,78440212.48352495
2019-09-04 00:00:00,81222826.59520006
2019-09-05 00:00:00,80706441.94499876
2019-09-06 00:00:00,81396021.79746327
2019-09-07 00:00:00,81911711.33116189
2019-09-08 00:00:00,81381518.7786572
2019-09-09 00:00:00,84070180.80035755
2019-09-10 00:00:00,83840689.86095712
2019-09-11 00:00:00,85217635.49735968
2019-09-12 00:00:00,88889490.52776657
2019-09-13 00:00:00,88354011.66916557
2019-09-14 00:00:00,87940628.05525532
2019-09-15 00:00:00,89554384.74609981
2019-09-16 00:00:00,88427197.63210218
2019-09-17 00:00:00,91022467.59238549
2019-09-18 00:00:00,89597236.24816692
2019-09-19 00:00:00,90214468.3326224
2019-09-20 00:00:00,90625164.50360727
2019-09-21 00:00:00,91702566.29484172
2019-09-22 00:00:00,92631413.6514193
2019-09-23 00:00:00,94235786.35823512
2019-09-24 00:00:00,90098193.58802588
2019-09-25 00:00:00,90858159.60704388
2019-09-26 00:00:00,89338227.56900778
2019-09-27 00:00:00,91434682.17080025
2019-09-28 00:00:00,90645114.94483177
2019-09-29 00:00:00,91035500.50166678
2019-09-30 00:00:00,89341776.99429794
2019-10-01 00:00:00,91495287.63803318
2019-10-02 00:00:00,91195824.21270092
2019-10-03 00:00:00,91433868.6440188
2019-10-04 00:00:00,90160370.38620839
2019-10-05 00:00:00,91519571.94981956
2019-10-06 00:00:00,91428958.51224542
2019-10-07 00:00:00,92606933.20070843
2019-10-08 00:00:00,94872269.14006042
2019-10-09 00:00:00,96593924.45396785
2019-10-10 00:00:00,95687790.07822707
2019-10-11 00:00:00,97179223.93948364
2019-10-12 00:00:00,98269788.05675264
2019-10-13 00:00:00,96238944.05855842
2019-10-14 00:00:00,95855009.81241502
2019-10-15 00:00:00,94280759.19669506
2019-10-16 00:00:00,93734992.14572488
2019-10-17 00:00:00,94440182.24777238
2019-10-18 00:00:00,93485053.29452874
2019-10-19 00:00:00,93854559.43403289
2019-10-20 00:00:00,94685948.24791704
2019-10-21 00:00:00,95055454.38742112
2019-10-22 00:00:00,97272491.22444558
2019-10-23 00:00:00,98750515.78246188
2019-10-24 00:00:00,101132725.05483378
2019-10-25 00:00:00,100207780.94612253
2019-10-26 00:00:00,98845219.46318832
2019-10-27 00:00:00,99339894.79783738
2019-10-28 00:00:00,97034324.12029603
2019-10-29 00:00:00,95375220.792608
2019-10-30 00:00:00,92695122.52125238
2019-10-31 00:00:00,90131834.47920878
2019-11-01 00:00:00,90034604.88430132
2019-11-02 00:00:00,89256768.1250417
2019-11-03 00:00:00,88673390.55559696
2019-11-04 00:00:00,90909671.2384684
2019-11-05 00:00:00,90715212.04865348
2019-11-06 00:00:00,91784737.59263548
2019-11-07 00:00:00,91590278.40282057
2019-11-08 00:00:00,91861270.49919157
2019-11-09 00:00:00,90783752.60638504
2019-11-10 00:00:00,90762607.51459399
2019-11-11 00:00:00,92339819.41656034
2019-11-12 00:00:00,93145448.40611652
2019-11-13 00:00:00,91339031.07613795
2019-11-14 00:00:00,90699368.88504884
2019-11-15 00:00:00,92859958.3564599
2019-11-16 00:00:00,95569879.32016982
2019-11-17 00:00:00,95931202.11533114
2019-11-18 00:00:00,94847233.72984722
2019-11-19 00:00:00,93853596.04315357
2019-11-20 00:00:00,94937564.42863753
2019-11-21 00:00:00,95569879.32016985
2019-11-22 00:00:00,92753027.64806035
2019-11-23 00:00:00,90641806.33248484
2019-11-24 00:00:00,93211181.34439717
2019-11-25 00:00:00,91369153.81570041
2019-11-26 00:00:00,90238982.02037299
2019-11-27 00:00:00,88200108.30866559
2019-11-28 00:00:00,88179081.2317132
2019-11-29 00:00:00,90747073.1583127
2019-11-30 00:00:00,91115589.19144289
2019-12-01 00:00:00,86785525.80216303
2019-12-02 00:00:00,87522557.86842345
2019-12-03 00:00:00,89365138.03407446
2019-12-04 00:00:00,92681782.33224623
2019-12-05 00:00:00,95261394.56415763
2019-12-06 00:00:00,93585274.42810574
2019-12-07 00:00:00,94315177.49841551
2019-12-08 00:00:00,96880815.35477403
2019-12-09 00:00:00,97608664.81120312
2019-12-10 00:00:00,97783740.2179369
2019-12-11 00:00:00,96761138.51699759
2019-12-12 00:00:00,93446264.21635814
2019-12-13 00:00:00,92267470.55522303
2019-12-14 00:00:00,92907581.8474793
2019-12-15 00:00:00,92541803.96619001
2019-12-16 00:00:00,90347136.67845428
2019-12-17 00:00:00,91170136.91135517
2019-12-18 00:00:00,90530025.61909892
2019-12-19 00:00:00,90712914.55974354
2019-12-20 00:00:00,92925415.7375964
2019-12-21 00:00:00,93370681.81483613
2019-12-22 00:00:00,95746472.56319733
2019-12-23 00:00:00,99947585.9399815
2019-12-24 00:00:00,98740227.53509028
2019-12-25 00:00:00,97340808.47463703
2019-12-26 00:00:00,96857362.7365599
2019-12-27 00:00:00,97839066.68251048
2019-12-28 00:00:00,96827572.572071
2019-12-29 00:00:00,94344814.30099222
2019-12-30 00:00:00,93057458.16043285
2019-12-31 00:00:00,95172400.3913518
2020-01-01 00:00:00,97011480.59215085
2020-01-02 00:00:00,101344004.24026024
2020-01-03 00:00:00,99804501.46535622
2020-01-04 00:00:00,103031751.9698384
2020-01-05 00:00:00,105793194.82492833
2020-01-06 00:00:00,107512955.57361655
2020-01-07 00:00:00,105477457.15335813
2020-01-08 00:00:00,109390648.92246719
2020-01-09 00:00:00,107202820.5002444
2020-01-10 00:00:00,108770686.24796285
2020-01-11 00:00:00,106810854.06331484
2020-01-12 00:00:00,106320896.01715283
2020-01-13 00:00:00,105144996.70636413
2020-01-14 00:00:00,105928929.5802233
2020-01-15 00:00:00,102912016.52961266
2020-01-16 00:00:00,104842225.07092443
2020-01-17 00:00:00,106142030.5758593
2020-01-18 00:00:00,108225768.95465343
2020-01-19 00:00:00,106104409.8345753
2020-01-20 00:00:00,107047760.00503173
2020-01-21 00:00:00,108984910.82487467
2020-01-22 00:00:00,110810185.47842275
2020-01-23 00:00:00,111334854.91724102
2020-01-24 00:00:00,111334854.91724102
2020-01-25 00:00:00,110600317.70289545
2020-01-26 00:00:00,113958202.11133245
2020-01-27 00:00:00,113223664.89698687
2020-01-28 00:00:00,110810185.47842276
2020-01-29 00:00:00,110086945.93868305
2020-01-30 00:00:00,111290378.26366591
2020-01-31 00:00:00,111739680.95495507
2020-02-01 00:00:00,111605536.94938122
2020-02-02 00:00:00,110981010.23884849
2020-02-03 00:00:00,111681439.23054679
2020-02-04 00:00:00,114400102.6139399
2020-02-05 00:00:00,113566280.34913361
2020-02-06 00:00:00,113456448.3565329
2020-02-07 00:00:00,111149976.51191804
2020-02-08 00:00:00,110600816.54891446
2020-02-09 00:00:00,109282832.6377059
2020-02-10 00:00:00,110381152.56371304
2020-02-11 00:00:00,107525520.7560946
2020-02-12 00:00:00,109340676.42941175
2020-02-13 00:00:00,107554857.49007317
2020-02-14 00:00:00,108294601.66974202
2020-02-15 00:00:00,107932589.65855002
2020-02-16 00:00:00,108343410.57122573
2020-02-17 00:00:00,107216583.58749144
2020-02-18 00:00:00,111150618.92552446
2020-02-19 00:00:00,111398345.74036531
2020-02-20 00:00:00,111287941.03695574
2020-02-21 00:00:00,109631870.48581052
2020-02-22 00:00:00,111729559.85059437
2020-02-23 00:00:00,112391988.07105252
2020-02-24 00:00:00,112391988.07105252
2020-02-25 00:00:00,110625512.81649765
2020-02-26 00:00:00,109924843.8400675
2020-02-27 00:00:00,109315034.29177237
2020-02-28 00:00:00,111571073.16195461
2020-02-29 00:00:00,111945558.20399804
2020-03-01 00:00:00,110892855.15019846
2020-03-02 00:00:00,114681812.94945891
2020-03-03 00:00:00,115501740.88073805
2020-03-04 00:00:00,116468614.68224476
2020-03-05 00:00:00,119877988.6719989
2020-03-06 00:00:00,121637665.56993648
2020-03-07 00:00:00,121307726.15157305
2020-03-08 00:00:00,123287362.66175291
2020-03-09 00:00:00,121197746.34545204
2020-03-10 00:00:00,121936055.96162646
2020-03-11 00:00:00,120625751.53822832
2020-03-12 00:00:00,116247579.24678098
2020-03-13 00:00:00,116070927.61330411
2020-03-14 00:00:00,113717813.26408868
2020-03-15 00:00:00,111497389.43702026
2020-03-16 00:00:00,108109035.40066276
2020-03-17 00:00:00,104972190.00322084
2020-03-18 00:00:00,103914239.60005285
2020-03-19 00:00:00,101680788.74892049
2020-03-20 00:00:00,96508586.77787718
2020-03-21 00:00:00,94627786.06113414
2020-03-22 00:00:00,94157585.88194844
2020-03-23 00:00:00,95097986.24031994
2020-03-24 00:00:00,94275135.92674486
2020-03-25 00:00:00,95333086.32991287
2020-03-26 00:00:00,94392685.97154133
2020-03-27 00:00:00,97885234.2295388
2020-03-28 00:00:00,100386175.7558384
2020-03-29 00:00:00,99147879.97675763
2020-03-30 00:00:00,99137723.37003462
2020-03-31 00:00:00,100495620.10857132
2020-04-01 00:00:00,100688107.93123947
2020-04-02 00:00:00,104989801.55573513
2020-04-03 00:00:00,104035696.2502867
2020-04-04 00:00:00,101763311.62183787
2020-04-05 00:00:00,103936896.91861507
2020-04-06 00:00:00,106308080.8787355
2020-04-07 00:00:00,104430893.57697347
2020-04-08 00:00:00,105320087.56201862
2020-04-09 00:00:00,104926817.65001218
2020-04-10 00:00:00,105903459.59372948
2020-04-11 00:00:00,109895383.97791174
2020-04-12 00:00:00,110999326.6368086
2020-04-13 00:00:00,109697883.67537546
2020-04-14 00:00:00,114921002.25323077
2020-04-15 00:00:00,115878648.73909876
2020-04-16 00:00:00,118816054.72042176
2020-04-17 00:00:00,118816054.72042176
2020-04-18 00:00:00,115054068.8189836
2020-04-19 00:00:00,114949569.21061032
2020-04-20 00:00:00,114845069.60223703
2020-04-21 00:00:00,113800073.51850417
2020-04-22 00:00:00,112777076.67665617
2020-04-23 00:00:00,109962852.46635233
2020-04-24 00:00:00,109962750.66907203
2020-04-25 00:00:00,113010797.98649304
2020-04-26 00:00:00,111912718.6898519
2020-04-27 00:00:00,111554966.88776174
2020-04-28 00:00:00,110710037.98755717
2020-04-29 00:00:00,111629896.6466346
2020-04-30 00:00:00,113216514.46699287
2020-05-01 00:00:00,112423205.55681373
2020-05-02 00:00:00,112083216.02387974
2020-05-03 00:00:00,113443174.15561531
2020-05-04 00:00:00,116956399.32926574
2020-05-05 00:00:00,118883006.68255791
2020-05-06 00:00:00,119472293.06066506
2020-05-07 00:00:00,120652100.72918221
2020-05-08 00:00:00,122164632.51837364
2020-05-09 00:00:00,121853507.63821308
2020-05-10 00:00:00,120634706.08752494
2020-05-11 00:00:00,121037811.5024568
2020-05-12 00:00:00,121087434.47597237
2020-05-13 00:00:00,119743045.08479336
2020-05-14 00:00:00,115740173.47259879
2020-05-15 00:00:00,111966037.38110098
2020-05-16 00:00:00,110593624.25691998
2020-05-17 00:00:00,109449946.65343569
2020-05-18 00:00:00,101672938.9497433
2020-05-19 00:00:00,98356273.89963916
2020-05-20 00:00:00,94810873.32883821
2020-05-21 00:00:00,93625665.17859997
2020-05-22 00:00:00,94670543.88510194
2020-05-23 00:00:00,92307330.90926416
2020-05-24 00:00:00,90689768.70048092
2020-05-25 00:00:00,91494525.79228355
2020-05-26 00:00:00,90293241.95835559
2020-05-27 00:00:00,90471236.69303167
2020-05-28 00:00:00,92882000.95950735
2020-05-29 00:00:00,92882000.95950735
2020-05-30 00:00:00,94602038.01431303
2020-05-31 00:00:00,98579623.70355113
2020-06-01 00:00:00,102234702.44501315
2020-06-02 00:00:00,103202223.28834139
2020-06-03 00:00:00,103739734.86796816
2020-06-04 00:00:00,103847237.18389343
2020-06-05 00:00:00,105288528.1766404
2020-06-06 00:00:00,109091786.58629324
2020-06-07 00:00:00,111435315.22543454
2020-06-08 00:00:00,110815623.43783526
2020-06-09 00:00:00,112208528.24468684
2020-06-10 00:00:00,113943904.93806837
2020-06-11 00:00:00,114994337.8583901
2020-06-12 00:00:00,117511415.09088524
2020-06-13 00:00:00,115951097.54610994
2020-06-14 00:00:00,112245343.37726866
2020-06-15 00:00:00,113318061.6893015
2020-06-16 00:00:00,110977585.37213866
2020-06-17 00:00:00,110570811.73739882
2020-06-18 00:00:00,110046645.12823595
2020-06-19 00:00:00,105905233.95063551
2020-06-20 00:00:00,105926966.55685537
2020-06-21 00:00:00,105875824.18477465
2020-06-22 00:00:00,105663297.23398964
2020-06-23 00:00:00,108235120.84612934
2020-06-24 00:00:00,110749704.10207164
2020-06-25 00:00:00,110861798.94428022
2020-06-26 00:00:00,112767411.26182595
2020-06-27 00:00:00,115233497.79041466
2020-06-28 00:00:00,115345592.63262323
2020-06-29 00:00:00,115793972.0014575
2020-06-30 00:00:00,116018161.68587463
2020-07-01 00:00:00,114784987.49487363
2020-07-02 00:00:00,117362562.86205761
2020-07-03 00:00:00,119940130.74771547
2020-07-04 00:00:00,119827426.16113047
2020-07-05 00:00:00,121956640.86329533
2020-07-06 00:00:00,123413264.06763048
2020-07-07 00:00:00,124421541.56999876
2020-07-08 00:00:00,125990398.02477519
2020-07-09 00:00:00,124757395.90887435
2020-07-10 00:00:00,124757395.90887435
2020-07-11 00:00:00,124533213.70598333
2020-07-12 00:00:00,124421122.60453776
2020-07-13 00:00:00,123188120.48863705
2020-07-14 00:00:00,123224185.9661429
2020-07-15 00:00:00,122915681.28235175
2020-07-16 00:00:00,122988997.50264347
2020-07-17 00:00:00,121358766.03401919
2020-07-18 00:00:00,117847537.53861405
2020-07-19 00:00:00,116374944.77118148
2020-07-20 00:00:00,115473898.09459306
2020-07-21 00:00:00,115544420.5882285
2020-07-22 00:00:00,113203968.57204905
2020-07-23 00:00:00,113943058.68242149
2020-07-24 00:00:00,113943058.68242149
2020-07-25 00:00:00,119239871.14009078
2020-07-26 00:00:00,120718051.36083578
2020-07-27 00:00:00,124043956.85751176
2020-07-28 00:00:00,124990478.24995862
2020-07-29 00:00:00,126940916.24508919
2020-07-30 00:00:00,126909829.43703118
2020-07-31 00:00:00,126308844.85317619
2020-08-01 00:00:00,124781881.42071433
2020-08-02 00:00:00,123681091.53514747
2020-08-03 00:00:00,121087964.30590864
2020-08-04 00:00:00,122154894.82121405
2020-08-05 00:00:00,122154894.82121405
2020-08-06 00:00:00,119881689.13893877
2020-08-07 00:00:00,122394179.62987462
2020-08-08 00:00:00,122274537.22554435
2020-08-09 00:00:00,122872749.24719577
2020-08-10 00:00:00,124667385.31214991
2020-08-11 00:00:00,121699816.45820163
2020-08-12 00:00:00,122886223.95061506
2020-08-13 00:00:00,126347972.69387735
2020-08-14 00:00:00,125375833.9150075
2020-08-15 00:00:00,127289349.96388794
2020-08-16 00:00:00,129075393.19033508
2020-08-17 00:00:00,128705025.71407251
2020-08-18 00:00:00,127334807.63169725
2020-08-19 00:00:00,125649847.98439695
2020-08-20 00:00:00,123363117.03448935
2020-08-21 00:00:00,123242762.7739679
2020-08-22 00:00:00,121798511.64771043
2020-08-23 00:00:00,119391426.43728134
2020-08-24 00:00:00,119993197.73988862
2020-08-25 00:00:00,123297691.91400088
2020-08-26 00:00:00,122408096.68320657
2020-08-27 00:00:00,123504835.10932179
2020-08-28 00:00:00,122017801.8251035
2020-08-29 00:00:00,123686955.52615394
2020-08-30 00:00:00,125523152.51213108
2020-08-31 00:00:00,122462847.34276728
2020-09-01 00:00:00,122817197.05918725
2020-09-02 00:00:00,126059072.31151097
2020-09-03 00:00:00,126308447.33092049
2020-09-04 00:00:00,126308447.33092049
2020-09-05 00:00:00,122817197.05918725
2020-09-06 00:00:00,122193759.51066346
2020-09-07 00:00:00,125061572.2338729
2020-09-08 00:00:00,128038750.60213156
2020-09-09 00:00:00,127930089.15456907
2020-09-10 00:00:00,128329210.60868761
2020-09-11 00:00:00,131707283.00142741
2020-09-12 00:00:00,131873589.68471669
2020-09-13 00:00:00,135233596.35173258
2020-09-14 00:00:00,136485959.17091686
2020-09-15 00:00:00,136485692.07769784
2020-09-16 00:00:00,136608874.11025897
2020-09-17 00:00:00,137347966.3056256
2020-09-18 00:00:00,139811606.95684758
2020-09-19 00:00:00,143137521.83599725
2020-09-20 00:00:00,140550699.15221414
2020-09-21 00:00:00,139904505.85300225
2020-09-22 00:00:00,138113015.65931174
2020-09-23 00:00:00,136590567.76792592
2020-09-24 00:00:00,136974413.0675965
2020-09-25 00:00:00,133839259.63432512
2020-09-26 00:00:00,136694669.32218263
2020-09-27 00:00:00,138914905.99167845
2020-09-28 00:00:00,140454294.33070654
2020-09-29 00:00:00,138259695.98178923
2020-09-30 00:00:00,139905644.7434772
2020-10-01 00:00:00,141825918.29877985
2020-10-02 00:00:00,140042807.14028457
2020-10-03 00:00:00,135516448.04564264
2020-10-04 00:00:00,135653610.44244996
2020-10-05 00:00:00,136460935.2778584
2020-10-06 00:00:00,137953248.43701744
2020-10-07 00:00:00,136429165.52396673
2020-10-08 00:00:00,135725586.01090178
2020-10-09 00:00:00,140918695.23724535
2020-10-10 00:00:00,141724961.08085743
2020-10-11 00:00:00,140610835.70341173
2020-10-12 00:00:00,138141088.9005937
2020-10-13 00:00:00,139374491.48006326
2020-10-14 00:00:00,144308101.79794163
2020-10-15 00:00:00,144034012.33583727
2020-10-16 00:00:00,142526520.29426333
2020-10-17 00:00:00,144308101.79794163
2020-10-18 00:00:00,146484944.0374199
2020-10-19 00:00:00,144339932.50425592
2020-10-20 00:00:00,141671570.50887823
2020-10-21 00:00:00,139371646.13118583
2020-10-22 00:00:00,137413336.253064
2020-10-23 00:00:00,136175009.87699607
2020-10-24 00:00:00,133536442.03601234
2020-10-25 00:00:00,133347787.62065108
2020-10-26 00:00:00,132921756.35029756
2020-10-27 00:00:00,130791599.99852994
2020-10-28 00:00:00,124401130.94322717
2020-10-29 00:00:00,120140818.23969199
2020-10-30 00:00:00,116022515.95960797
2020-10-31 00:00:00,113182307.49058452
2020-11-01 00:00:00,107643900.97598879
2020-11-02 00:00:00,108779984.36359818
2020-11-03 00:00:00,106649828.0118306
2020-11-04 00:00:00,110352547.38279946
2020-11-05 00:00:00,115107145.47938481
2020-11-06 00:00:00,117295045.8154021
2020-11-07 00:00:00,119772222.0675452
2020-11-08 00:00:00,121130852.4218934
2020-11-09 00:00:00,119831614.77952173
2020-11-10 00:00:00,128395929.46810678
2020-11-11 00:00:00,128159204.24421576
2020-11-12 00:00:00,126728589.87125707
2020-11-13 00:00:00,128278422.10862899
2020-11-14 00:00:00,126609372.00684384
2020-11-15 00:00:00,126132500.54919095
2020-11-16 00:00:00,127563114.92214963
2020-11-17 00:00:00,124869930.27180229
2020-11-18 00:00:00,126964111.470282
2020-11-19 00:00:00,130557849.91211641
2020-11-20 00:00:00,128602936.80096643
2020-11-21 00:00:00,133025455.05449376
2020-11-22 00:00:00,137215282.81839427
2020-11-23 00:00:00,141076183.18505344
2020-11-24 00:00:00,140083639.15004912
2020-11-25 00:00:00,137459413.9741784
2020-11-26 00:00:00,135709930.523598
2020-11-27 00:00:00,137334450.87056553
2020-11-28 00:00:00,135584967.4199851
2020-11-29 00:00:00,133710520.86579177
2020-11-30 00:00:00,131309769.58997223
2020-12-01 00:00:00,128313154.48992188
2020-12-02 00:00:00,131996845.77838087
2020-12-03 00:00:00,130449316.11808936
2020-12-04 00:00:00,133063743.47504067
2020-12-05 00:00:00,133409747.66795123
2020-12-06 00:00:00,133755751.8608618
2020-12-07 00:00:00,132914894.0268177
2020-12-08 00:00:00,137948518.46795613
2020-12-09 00:00:00,136860167.23743972
2020-12-10 00:00:00,137948518.46795613
2020-12-11 00:00:00,134275333.06496322
2020-12-12 00:00:00,133459069.64207591
2020-12-13 00:00:00,131826542.79630129
2020-12-14 00:00:00,134533587.6076591
2020-12-15 00:00:00,133351912.2347564
2020-12-16 00:00:00,132323572.3468348
2020-12-17 00:00:00,132373208.74072967
2020-12-18 00:00:00,131791042.04281811
2020-12-19 00:00:00,133832920.56666495
2020-12-20 00:00:00,136823648.10098034
2020-12-21 00:00:00,135635056.095611
2020-12-22 00:00:00,134441785.8073798
2020-12-23 00:00:00,134839542.57012355
2020-12-24 00:00:00,136297984.0335172
2020-12-25 00:00:00,135900227.2707735
2020-12-26 00:00:00,134176614.63221736
2020-12-27 00:00:00,131392317.29301126
2020-12-28 00:00:00,130994560.53026752
2020-12-29 00:00:00,134096925.47590554
2020-12-30 00:00:00,135214014.93546128
2020-12-31 00:00:00,137514350.89000145
2021-01-01 00:00:00,142734576.90930292
2021-01-02 00:00:00,143322827.58752072
2021-01-03 00:00:00,145103346.174645
2021-01-04 00:00:00,146350014.08380795
2021-01-05 00:00:00,148066610.06709138
2021-01-06 00:00:00,148727032.0566859
2021-01-07 00:00:00,149387454.0462804
2021-01-08 00:00:00,149651622.84211823
2021-01-09 00:00:00,149519538.44419932
2021-01-10 00:00:00,148690226.43303117
2021-01-11 00:00:00,151089413.12252626
2021-01-12 00:00:00,150775619.3287509
2021-01-13 00:00:00,151697118.4842938
2021-01-14 00:00:00,150562301.2930481
2021-01-15 00:00:00,149884529.1685857
2021-01-16 00:00:00,153019188.22568032
2021-01-17 00:00:00,155416162.8770074
2021-01-18 00:00:00,151611247.40167573
2021-01-19 00:00:00,150294161.27559942
2021-01-20 00:00:00,150440504.17849678
2021-01-21 00:00:00,148830732.2466257
2021-01-22 00:00:00,146196559.994473
2021-01-23 00:00:00,144294102.25680718
2021-01-24 00:00:00,145607574.2783185
2021-01-25 00:00:00,146698957.5340704
2021-01-26 00:00:00,146182103.57621285
2021-01-27 00:00:00,148185308.05110505
2021-01-28 00:00:00,148549580.94715503
2021-01-29 00:00:00,151113601.54145044
2021-01-30 00:00:00,152810307.74619314
2021-01-31 00:00:00,150095785.47639352
2021-02-01 00:00:00,150835173.58218858
2021-02-02 00:00:00,147877621.1590084
2021-02-03 00:00:00,146546722.56857732
2021-02-04 00:00:00,147729743.5378494
2021-02-05 00:00:00,149947907.85523453
2021-02-06 00:00:00,152461827.41493767
2021-02-07 00:00:00,156496366.0091922
2021-02-08 00:00:00,158947631.13423166
2021-02-09 00:00:00,165861253.11216184
2021-02-10 00:00:00,165150693.72026786
2021-02-11 00:00:00,164735889.5706919
2021-02-12 00:00:00,160711290.00435206
2021-02-13 00:00:00,157334595.3952425
2021-02-14 00:00:00,157086558.55281195
2021-02-15 00:00:00,156021048.95022506
2021-02-16 00:00:00,154346676.71758848
2021-02-17 00:00:00,150997932.25231537
2021-02-18 00:00:00,150236853.96475333
2021-02-19 00:00:00,151454579.22485262
2021-02-20 00:00:00,153151584.74440545
2021-02-21 00:00:00,151777617.95629352
2021-02-22 00:00:00,150850010.28302965
2021-02-23 00:00:00,148383785.4623389
2021-02-24 00:00:00,149558390.99271905
2021-02-25 00:00:00,153082073.67499632
2021-02-26 00:00:00,156295152.32763526
2021-02-27 00:00:00,154427502.27930498
2021-02-28 00:00:00,156124507.79885778
2021-03-01 00:00:00,154581775.50835523
2021-03-02 00:00:00,154118955.82120448
2021-03-03 00:00:00,156587327.48600858
2021-03-04 00:00:00,155507414.88265678
2021-03-05 00:00:00,151187764.46924964
2021-03-06 00:00:00,152730496.75975218
2021-03-07 00:00:00,151688789.94012293
2021-03-08 00:00:00,153716875.77834648
2021-03-09 00:00:00,157270062.99352616
2021-03-10 00:00:00,156532984.65120932
2021-03-11 00:00:00,155778275.39534613
2021-03-12 00:00:00,156136781.5795335
2021-03-13 00:00:00,155997206.24947724
2021-03-14 00:00:00,154598952.23605472
2021-03-15 00:00:00,156274408.86127305
2021-03-16 00:00:00,155208209.19067955
2021-03-17 00:00:00,156579037.33858544
2021-03-18 00:00:00,154598952.2360547
2021-03-19 00:00:00,157645237.00917894
2021-03-20 00:00:00,157420617.6912914
2021-03-21 00:00:00,159552422.85545158
2021-03-22 00:00:00,159862383.76013908
2021-03-23 00:00:00,160766785.10844684
2021-03-24 00:00:00,163071647.62666968
2021-03-25 00:00:00,165959097.37970906
2021-03-26 00:00:00,166720074.39596337
2021-03-27 00:00:00,165215303.4719892
2021-03-28 00:00:00,165991691.17627487
2021-03-29 00:00:00,166457523.79884627
2021-03-30 00:00:00,166457523.79884627
2021-03-31 00:00:00,164128360.6859893
2021-04-01 00:00:00,164904748.39027494
2021-04-02 00:00:00,163507250.52256075
2021-04-03 00:00:00,165320614.44934323
2021-04-04 00:00:00,162156064.84321755
2021-04-05 00:00:00,161456161.73214817
2021-04-06 00:00:00,163641576.61130673
2021-04-07 00:00:00,164631661.9987059
2021-04-08 00:00:00,166049721.39905876
2021-04-09 00:00:00,165551986.66394418
2021-04-10 00:00:00,167595961.66382885
2021-04-11 00:00:00,171868015.5885931
2021-04-12 00:00:00,171703705.82225603
2021-04-13 00:00:00,169731988.62621096
2021-04-14 00:00:00,169403369.0935368
2021-04-15 00:00:00,165788554.23412085
2021-04-16 00:00:00,172130189.21775606
2021-04-17 00:00:00,164404171.24372485
2021-04-18 00:00:00,153847004.45635313
2021-04-19 00:00:00,150787954.8145779
2021-04-20 00:00:00,143371614.98041585
2021-04-21 00:00:00,141475361.29820356
2021-04-22 00:00:00,136207676.021627
2021-04-23 00:00:00,131796265.46354505
2021-04-24 00:00:00,137155198.74795857
2021-04-25 00:00:00,146198398.6654064
2021-04-26 00:00:00,149045331.97275108
2021-04-27 00:00:00,151892265.2800958
2021-04-28 00:00:00,154236798.5920267
2021-04-29 00:00:00,161102931.86268154
2021-04-30 00:00:00,157586131.89478514
2021-05-01 00:00:00,159260798.54616436
2021-05-02 00:00:00,157685930.67036393
2021-05-03 00:00:00,161148443.24309963
2021-05-04 00:00:00,167961731.4564108
2021-05-05 00:00:00,170671365.20493433
2021-05-06 00:00:00,169868525.99901253
2021-05-07 00:00:00,174317609.61284044
2021-05-08 00:00:00,175207666.00803325
2021-05-09 00:00:00,177526237.2392579
2021-05-10 00:00:00,177672590.27902648
2021-05-11 00:00:00,178111649.39833212
2021-05-12 00:00:00,176794472.0404151
2021-05-13 00:00:00,178989767.63694343
2021-05-14 00:00:00,180666398.1982892
2021-05-15 00:00:00,179327827.5416231
2021-05-16 00:00:00,176179075.04398838
2021-05-17 00:00:00,172435828.21588302
2021-05-18 00:00:00,167614164.7456518
2021-05-19 00:00:00,160228122.6394345
2021-05-20 00:00:00,157288750.71671072
2021-05-21 00:00:00,150653185.81676164
2021-05-22 00:00:00,146384382.44060782
2021-05-23 00:00:00,145139314.78922963
2021-05-24 00:00:00,142827046.293813
2021-05-25 00:00:00,143716380.33051172
2021-05-26 00:00:00,147807316.8993258
2021-05-27 00:00:00,147273716.47730657
2021-05-28 00:00:00,148163050.51400527
2021-05-29 00:00:00,149763851.78006297
2021-05-30 00:00:00,149763851.78006297
2021-05-31 00:00:00,150291730.25568312
2021-06-01 00:00:00,148955749.53382164
2021-06-02 00:00:00,148302838.99995774
2021-06-03 00:00:00,151415069.6569138
2021-06-04 00:00:00,152576708.79698002
2021-06-05 00:00:00,150991098.06671333
2021-06-06 00:00:00,149939087.7584659
2021-06-07 00:00:00,150665524.10616753
2021-06-08 00:00:00,149469765.97834077
2021-06-09 00:00:00,150516054.3401892
2021-06-10 00:00:00,144537263.70105553
2021-06-11 00:00:00,140202640.48768362
2021-06-12 00:00:00,136316426.57224676
2021-06-13 00:00:00,136465896.3382251
2021-06-14 00:00:00,133577497.88842894
2021-06-15 00:00:00,132807547.04458119
2021-06-16 00:00:00,129079871.70711638
2021-06-17 00:00:00,127657584.5112262
2021-06-18 00:00:00,128421919.85959908
2021-06-19 00:00:00,130280049.80874498
2021-06-20 00:00:00,125129902.82716675
2021-06-21 00:00:00,120460802.62675631
2021-06-22 00:00:00,116214240.84202929
2021-06-23 00:00:00,110552158.46239324
2021-06-24 00:00:00,107438013.15359342
2021-06-25 00:00:00,103899211.66632089
2021-06-26 00:00:00,101917482.83344828
2021-06-27 00:00:00,99935754.00057565
2021-06-28 00:00:00,93424359.26399422
2021-06-29 00:00:00,90876422.19315802
2021-06-30 00:00:00,90734870.13366713
2021-07-01 00:00:00,89036245.41977632
2021-07-02 00:00:00,87620724.82486732
2021-07-03 00:00:00,84789683.63504931
2021-07-04 00:00:00,86292418.3706843
2021-07-05 00:00:00,89670680.58608074
2021-07-06 00:00:00,90819460.5560025
2021-07-07 00:00:00,92563569.88878718
2021-07-08 00:00:00,92511258.75252509
2021-07-09 00:00:00,93241612.12545457
2021-07-10 00:00:00,93863737.36277008
2021-07-11 00:00:00,96184636.54794833
2021-07-12 00:00:00,97204622.08928394
2021-07-13 00:00:00,96592630.76448257
2021-07-14 00:00:00,95980639.43968119
2021-07-15 00:00:00,100774571.48395857
2021-07-16 00:00:00,99652587.38848938
2021-07-17 00:00:00,101590559.91702704
2021-07-18 00:00:00,99739876.71501002
2021-07-19 00:00:00,100971806.31812742
2021-07-20 00:00:00,104626219.80193856
2021-07-21 00:00:00,102600064.78780988
2021-07-22 00:00:00,99339154.93317963
2021-07-23 00:00:00,101138948.17825966
2021-07-24 00:00:00,98947054.62367477
2021-07-25 00:00:00,99328674.26262689
2021-07-26 00:00:00,100202533.56699017
2021-07-27 00:00:00,98260624.00173841
2021-07-28 00:00:00,102921206.95834263
2021-07-29 00:00:00,104086352.69749367
2021-07-30 00:00:00,104766021.04533179
2021-07-31 00:00:00,107775980.871472
2021-08-01 00:00:00,108889828.95130345
2021-08-02 00:00:00,109887906.60443933
2021-08-03 00:00:00,110044864.56184068
2021-08-04 00:00:00,110936509.2624975
2021-08-05 00:00:00,109693176.78900112
2021-08-06 00:00:00,110629262.16549285
2021-08-07 00:00:00,110879828.6605434
2021-08-08 00:00:00,112005260.90983883
2021-08-09 00:00:00,112417044.95730147
2021-08-10 00:00:00,113343559.06409241
2021-08-11 00:00:00,112931775.01662979
2021-08-12 00:00:00,114064181.14715205
2021-08-13 00:00:00,113137667.04036112
2021-08-14 00:00:00,112222868.24342497
2021-08-15 00:00:00,113148142.62570126
2021-08-16 00:00:00,116988410.69128773
2021-08-17 00:00:00,119126461.98879574
2021-08-18 00:00:00,121141397.09547855
2021-08-19 00:00:00,120921930.17512046
2021-08-20 00:00:00,122389629.87140332
2021-08-21 00:00:00,124611386.79520345
2021-08-22 00:00:00,125274213.32070984
2021-08-23 00:00:00,123285733.74419065
2021-08-24 00:00:00,127262692.89722906
2021-08-25 00:00:00,125274213.32070985
2021-08-26 00:00:00,129030251.81892101
2021-08-27 00:00:00,130281220.63377182
2021-08-28 00:00:00,130869362.92311624
2021-08-29 00:00:00,129727331.44953278
2021-08-30 00:00:00,131124515.1627073
2021-08-31 00:00:00,126249208.85984442
2021-09-01 00:00:00,127249992.51986168
2021-09-02 00:00:00,125718040.303854
2021-09-03 00:00:00,126093318.03610432
2021-09-04 00:00:00,126343503.19093786
2021-09-05 00:00:00,128094799.27477264
2021-09-06 00:00:00,129095539.89410679
2021-09-07 00:00:00,133723965.2585273
2021-09-08 00:00:00,134849798.45527822
2021-09-09 00:00:00,136270748.73194423
2021-09-10 00:00:00,135548079.03417698
2021-09-11 00:00:00,134819727.28362697
2021-09-12 00:00:00,134785023.05355358
2021-09-13 00:00:00,133493710.99652977
2021-09-14 00:00:00,132770953.88256578
2021-09-15 00:00:00,135601927.41131595
2021-09-16 00:00:00,135613291.5168814
2021-09-17 00:00:00,135482516.8866819
2021-09-18 00:00:00,136921037.81887642
2021-09-19 00:00:00,137836460.23027292
2021-09-20 00:00:00,139536530.42286643
2021-09-21 00:00:00,140190403.57386392
2021-09-22 00:00:00,134495823.90656477
2021-09-23 00:00:00,134003916.9668144
2021-09-24 00:00:00,138478902.6366636
2021-09-25 00:00:00,139221878.27487168
2021-09-26 00:00:00,138379012.3774964
2021-09-27 00:00:00,136207717.71163929
2021-09-28 00:00:00,135671902.50093386
2021-09-29 00:00:00,139902835.06623906
2021-09-30 00:00:00,139363190.57225162
2021-10-01 00:00:00,140172657.31323275
2021-10-02 00:00:00,139093368.32525793
2021-10-03 00:00:00,145029457.75911957
2021-10-04 00:00:00,146513480.11758497
2021-10-05 00:00:00,146661108.6035507
2021-10-06 00:00:00,149322865.8079602
2021-10-07 00:00:00,150290764.173168
2021-10-08 00:00:00,147140004.5223176
2021-10-09 00:00:00,145204823.8005126
2021-10-10 00:00:00,141032003.29279727
2021-10-11 00:00:00,143257233.72054404
2021-10-12 00:00:00,142823772.58333406
2021-10-13 00:00:00,138585678.44139537
2021-10-14 00:00:00,143953931.02118438
2021-10-15 00:00:00,143388851.80225924
2021-10-16 00:00:00,146355517.70161635
2021-10-17 00:00:00,143953931.02118438
2021-10-18 00:00:00,144095200.82591566
2021-10-19 00:00:00,144403297.8098649
2021-10-20 00:00:00,147578458.080034
2021-10-21 00:00:00,144953485.6063823
2021-10-22 00:00:00,146706531.95442763
2021-10-23 00:00:00,149320648.3805905
2021-10-24 00:00:00,151210929.15844816
2021-10-25 00:00:00,150427844.64619517