Timestamp,miners-revenue
2018-10-30 00:00:00,12343537.160952
2018-10-31 00:00:00,12904937.9077428
2018-11-01 00:00:00,12416572.2474633
2018-11-02 00:00:00,11791348.731355
2018-11-03 00:00:00,12840788.9076941
2018-11-04 00:00:00,9959012.66897705
2018-11-05 00:00:00,11736833.1320736
2018-11-06 00:00:00,10388473.3176845
2018-11-07 00:00:00,10876602.4539338
2018-11-08 00:00:00,9902899.04333268
2018-11-09 00:00:00,10262802.9310726
2018-11-10 00:00:00,10836466.3614449
2018-11-11 00:00:00,11660743.772251
2018-11-12 00:00:00,11404614.5659448
2018-11-13 00:00:00,9557212.46284918
2018-11-14 00:00:00,10486098.1233794
2018-11-15 00:00:00,8932985.47548184
2018-11-16 00:00:00,8908268.51787117
2018-11-17 00:00:00,10338423.7285062
2018-11-18 00:00:00,8599720.95927254
2018-11-19 00:00:00,8462806.97951401
2018-11-20 00:00:00,7923554.71569229
2018-11-21 00:00:00,6049615.52431331
2018-11-22 00:00:00,6996199.90465438
2018-11-23 00:00:00,6900149.06328676
2018-11-24 00:00:00,7770115.71803217
2018-11-25 00:00:00,6188075.90968278
2018-11-26 00:00:00,5473562.85458386
2018-11-27 00:00:00,6208586.79845478
2018-11-28 00:00:00,6083835.51046033
2018-11-29 00:00:00,5723625.76989976
2018-11-30 00:00:00,5401820.88924666
2018-12-01 00:00:00,6537919.26876445
2018-12-02 00:00:00,5968275.42689432
2018-12-03 00:00:00,5738092.55036062
2018-12-04 00:00:00,7036398.75283324
2018-12-05 00:00:00,6291958.87095126
2018-12-06 00:00:00,6343227.25560129
2018-12-07 00:00:00,4960658.03065221
2018-12-08 00:00:00,5447972.13209918
2018-12-09 00:00:00,5614631.98059117
2018-12-10 00:00:00,5539420.91983261
2018-12-11 00:00:00,5337996.89872892
2018-12-12 00:00:00,5160390.73972739
2018-12-13 00:00:00,5827864.07679684
2018-12-14 00:00:00,5982323.51585555
2018-12-15 00:00:00,6057975.8545267
2018-12-16 00:00:00,4666604.25778655
2018-12-17 00:00:00,6740883.10593796
2018-12-18 00:00:00,5692744.16182017
2018-12-19 00:00:00,7089582.70129913
2018-12-20 00:00:00,6721946.32294331
2018-12-21 00:00:00,7076086.73385245
2018-12-22 00:00:00,8594155.30261391
2018-12-23 00:00:00,8916949.29743681
2018-12-24 00:00:00,8231393.77197834
2018-12-25 00:00:00,7569827.66594972
2018-12-26 00:00:00,7478293.74229318
2018-12-27 00:00:00,8145258.25043105
2018-12-28 00:00:00,7898836.22197374
2018-12-29 00:00:00,6745781.21785835
2018-12-30 00:00:00,8578278.95546906
2018-12-31 00:00:00,7453243.5205335
2019-01-01 00:00:00,7012103.64869832
2019-01-02 00:00:00,7474829.0609802
2019-01-03 00:00:00,7679486.80141432
2019-01-04 00:00:00,7115351.21898818
2019-01-05 00:00:00,8052390.56037927
2019-01-06 00:00:00,7171471.57828049
2019-01-07 00:00:00,7286414.81783128
2019-01-08 00:00:00,8944897.01275319
2019-01-09 00:00:00,8518054.36444044
2019-01-10 00:00:00,7609635.02307813
2019-01-11 00:00:00,6809814.94266555
2019-01-12 00:00:00,6407919.17001489
2019-01-13 00:00:00,6266417.92080623
2019-01-14 00:00:00,6736884.25294018
2019-01-15 00:00:00,6183026.05905401
2019-01-16 00:00:00,6073704.51253915
2019-01-17 00:00:00,5891153.31180589
2019-01-18 00:00:00,6307175.11619796
2019-01-19 00:00:00,6354782.86391987
2019-01-20 00:00:00,7150096.95018807
2019-01-21 00:00:00,6879083.71968765
2019-01-22 00:00:00,5844342.94107825
2019-01-23 00:00:00,6683461.53319797
2019-01-24 00:00:00,7364947.5714072
2019-01-25 00:00:00,6309969.92281265
2019-01-26 00:00:00,6857448.82582505
2019-01-27 00:00:00,6393436.19789755
2019-01-28 00:00:00,6318406.83135573
2019-01-29 00:00:00,6364552.33446091
2019-01-30 00:00:00,5884537.24604336
2019-01-31 00:00:00,6731427.32322348
2019-02-01 00:00:00,6857975.37196296
2019-02-02 00:00:00,6325531.02417506
2019-02-03 00:00:00,6044025.21308595
2019-02-04 00:00:00,6411524.44993395
2019-02-05 00:00:00,6422102.20494889
2019-02-06 00:00:00,6985845.57387517
2019-02-07 00:00:00,7375022.02374828
2019-02-08 00:00:00,7184754.2731582
2019-02-09 00:00:00,6845104.34819661
2019-02-10 00:00:00,6454979.70124316
2019-02-11 00:00:00,6693602.40799548
2019-02-12 00:00:00,6031364.55755759
2019-02-13 00:00:00,6976103.87653069
2019-02-14 00:00:00,6566282.2719383
2019-02-15 00:00:00,5762323.41641078
2019-02-16 00:00:00,6898485.34101117
2019-02-17 00:00:00,7185045.4307252
2019-02-18 00:00:00,7556019.10851886
2019-02-19 00:00:00,7748245.9382798
2019-02-20 00:00:00,6596656.21482153
2019-02-21 00:00:00,6051778.48558182
2019-02-22 00:00:00,8096363.88186099
2019-02-23 00:00:00,7190247.7828969
2019-02-24 00:00:00,7119748.03220931
2019-02-25 00:00:00,6913971.36597182
2019-02-26 00:00:00,7878415.30725483
2019-02-27 00:00:00,6801908.84662639
2019-02-28 00:00:00,7350871.43467336
2019-03-01 00:00:00,7830758.1178926
2019-03-02 00:00:00,6565214.95545392
2019-03-03 00:00:00,7016670.61795451
2019-03-04 00:00:00,6497311.76435429
2019-03-05 00:00:00,7114388.35176686
2019-03-06 00:00:00,6388631.33749861
2019-03-07 00:00:00,7588198.87987363
2019-03-08 00:00:00,7193574.07638771
2019-03-09 00:00:00,7087594.99280831
2019-03-10 00:00:00,6690849.40826923
2019-03-11 00:00:00,6977449.87654973
2019-03-12 00:00:00,7088005.70444551
2019-03-13 00:00:00,6637474.19377045
2019-03-14 00:00:00,7600598.59424684
2019-03-15 00:00:00,7723228.79179382
2019-03-16 00:00:00,8496146.10726474
2019-03-17 00:00:00,7297849.33901329
2019-03-18 00:00:00,8269486.75644039
2019-03-19 00:00:00,8830120.09324167
2019-03-20 00:00:00,8742662.15328318
2019-03-21 00:00:00,7388901.05848648
2019-03-22 00:00:00,8113657.07200504
2019-03-23 00:00:00,7382484.15111263
2019-03-24 00:00:00,7499624.0874357
2019-03-25 00:00:00,7512795.86116405
2019-03-26 00:00:00,6780907.83753621
2019-03-27 00:00:00,7721974.78508324
2019-03-28 00:00:00,7609348.21050804
2019-03-29 00:00:00,7807462.60003831
2019-03-30 00:00:00,7321449.75025686
2019-03-31 00:00:00,7280099.53845046
2019-04-01 00:00:00,7260086.68771618
2019-04-02 00:00:00,9796335.10708989
2019-04-03 00:00:00,9794906.73422098
2019-04-04 00:00:00,9872137.44577406
2019-04-05 00:00:00,10526385.5093253
2019-04-06 00:00:00,9151289.67996446
2019-04-07 00:00:00,9465714.63768817
2019-04-08 00:00:00,10509444.218827
2019-04-09 00:00:00,9214713.9963386
2019-04-10 00:00:00,10332304.7364178
2019-04-11 00:00:00,10673185.0684278
2019-04-12 00:00:00,10032844.6937624
2019-04-13 00:00:00,8912797.68267318
2019-04-14 00:00:00,8025830.56805046
2019-04-15 00:00:00,9812670.32039005
2019-04-16 00:00:00,9626718.55527819
2019-04-17 00:00:00,9679415.78377375
2019-04-18 00:00:00,10319254.1749627
2019-04-19 00:00:00,10531918.6568264
2019-04-20 00:00:00,9275897.46327422
2019-04-21 00:00:00,11248346.3029415
2019-04-22 00:00:00,9411111.8267204
2019-04-23 00:00:00,8538019.90240713
2019-04-24 00:00:00,12202481.9130956
2019-04-25 00:00:00,10225360.6553522
2019-04-26 00:00:00,10183521.9482851
2019-04-27 00:00:00,9112041.03117378
2019-04-28 00:00:00,10771720.9485933
2019-04-29 00:00:00,11244134.7806778
2019-04-30 00:00:00,9672352.74232865
2019-05-01 00:00:00,11945018.6431959
2019-05-02 00:00:00,12941749.3453502
2019-05-03 00:00:00,11122649.2294458
2019-05-04 00:00:00,10035261.3673471
2019-05-05 00:00:00,9591032.60781153
2019-05-06 00:00:00,11100910.0764288
2019-05-07 00:00:00,10026818.2871987
2019-05-08 00:00:00,11731703.7301483
2019-05-09 00:00:00,12149462.758915
2019-05-10 00:00:00,10770042.575463
2019-05-11 00:00:00,11877938.2790655
2019-05-12 00:00:00,15580744.7153727
2019-05-13 00:00:00,16443665.5226962
2019-05-14 00:00:00,16211651.6224218
2019-05-15 00:00:00,16983774.4918891
2019-05-16 00:00:00,16642489.0435273
2019-05-17 00:00:00,15398528.2663666
2019-05-18 00:00:00,14984659.8529589
2019-05-19 00:00:00,17128952.0847312
2019-05-20 00:00:00,17411194.2865449
2019-05-21 00:00:00,16828129.8548241
2019-05-22 00:00:00,18104557.6470407
2019-05-23 00:00:00,16469421.0512328
2019-05-24 00:00:00,16833084.3068115
2019-05-25 00:00:00,15115205.1345969
2019-05-26 00:00:00,17530637.7421003
2019-05-27 00:00:00,20943626.1747347
2019-05-28 00:00:00,20098452.3035233
2019-05-29 00:00:00,20660475.7496612
2019-05-30 00:00:00,18924858.1213242
2019-05-31 00:00:00,13928405.3729962
2019-06-01 00:00:00,17500366.3831521
2019-06-02 00:00:00,15462127.8066285
2019-06-03 00:00:00,14378777.9286266
2019-06-04 00:00:00,17028462.3207378
2019-06-05 00:00:00,16774166.520507
2019-06-06 00:00:00,16576546.9153716
2019-06-07 00:00:00,16904713.8524406
2019-06-08 00:00:00,12882272.7216123
2019-06-09 00:00:00,15040475.2089595
2019-06-10 00:00:00,16318423.0157517
2019-06-11 00:00:00,14984664.3562564
2019-06-12 00:00:00,14041153.3883298
2019-06-13 00:00:00,16311181.085572
2019-06-14 00:00:00,18846894.0773128
2019-06-15 00:00:00,16609185.0992313
2019-06-16 00:00:00,15480924.6966563
2019-06-17 00:00:00,16680372.7946155
2019-06-18 00:00:00,19759220.101567
2019-06-19 00:00:00,21219685.8900861
2019-06-20 00:00:00,17906834.4189632
2019-06-21 00:00:00,17538287.9154746
2019-06-22 00:00:00,20226178.7284416
2019-06-23 00:00:00,25447586.8029726
2019-06-24 00:00:00,25683149.7809107
2019-06-25 00:00:00,22012700.0893407
2019-06-26 00:00:00,28602342.1291297
2019-06-27 00:00:00,23684931.4245074
2019-06-28 00:00:00,25937334.7871369
2019-06-29 00:00:00,27405858.844721
2019-06-30 00:00:00,23170049.1634577
2019-07-01 00:00:00,20510124.4180096
2019-07-02 00:00:00,21634656.1809865
2019-07-03 00:00:00,25660429.8291376
2019-07-04 00:00:00,25608368.4262575
2019-07-05 00:00:00,27132379.4818537
2019-07-06 00:00:00,26335706.9788643
2019-07-07 00:00:00,22174981.6766463
2019-07-08 00:00:00,27968213.8393009
2019-07-09 00:00:00,25335914.8683845
2019-07-10 00:00:00,21508972.6758214
2019-07-11 00:00:00,19960968.6079638
2019-07-12 00:00:00,24773188.3315347
2019-07-13 00:00:00,20609810.0301931
2019-07-14 00:00:00,20182908.1297771
2019-07-15 00:00:00,19638311.2811761
2019-07-16 00:00:00,22149573.0409782
2019-07-17 00:00:00,16501101.4444106
2019-07-18 00:00:00,15933222.4948449
2019-07-19 00:00:00,16208139.7509873
2019-07-20 00:00:00,24399901.5665187
2019-07-21 00:00:00,20103997.7422695
2019-07-22 00:00:00,21529384.3624169
2019-07-23 00:00:00,18769327.203324
2019-07-24 00:00:00,17345757.0026475
2019-07-25 00:00:00,19605754.2098214
2019-07-26 00:00:00,20745948.0011575
2019-07-27 00:00:00,18834366.1429315
2019-07-28 00:00:00,20994348.8070565
2019-07-29 00:00:00,20887751.4846716
2019-07-30 00:00:00,17750997.0400789
2019-07-31 00:00:00,21676009.1554116
2019-08-01 00:00:00,18606541.3941747
2019-08-02 00:00:00,22617508.8714294
2019-08-03 00:00:00,23901417.8952569
2019-08-04 00:00:00,23105969.697715
2019-08-05 00:00:00,22256372.3249701
2019-08-06 00:00:00,24239820.6588186
2019-08-07 00:00:00,23489547.2769286
2019-08-08 00:00:00,22052437.2260143
2019-08-09 00:00:00,22823177.0107999
2019-08-10 00:00:00,22285954.3660375
2019-08-11 00:00:00,22402406.2328598
2019-08-12 00:00:00,19835024.1828409
2019-08-13 00:00:00,23339417.3415891
2019-08-14 00:00:00,20751478.0270537
2019-08-15 00:00:00,20403806.3045699
2019-08-16 00:00:00,20175209.2411482
2019-08-17 00:00:00,16818757.380567
2019-08-18 00:00:00,16497323.400871
2019-08-19 00:00:00,22512416.2143436
2019-08-20 00:00:00,21381940.8221323
2019-08-21 00:00:00,18133519.9255694
2019-08-22 00:00:00,18244786.7421254
2019-08-23 00:00:00,20303216.6174991
2019-08-24 00:00:00,20913191.154222
2019-08-25 00:00:00,20023054.2210009
2019-08-26 00:00:00,18051599.1536065
2019-08-27 00:00:00,17790117.8193427
2019-08-28 00:00:00,19285143.4357694
2019-08-29 00:00:00,20199158.8493224
2019-08-30 00:00:00,19625872.0325795
2019-08-31 00:00:00,20380765.5464991
2019-09-01 00:00:00,17386554.1806439
2019-09-02 00:00:00,19567794.8424031
2019-09-03 00:00:00,22232234.965443
2019-09-04 00:00:00,18375693.837806
2019-09-05 00:00:00,22456931.6286019
2019-09-06 00:00:00,21464687.5948385
2019-09-07 00:00:00,20094042.8606613
2019-09-08 00:00:00,23644815.6797411
2019-09-09 00:00:00,19160369.4909431
2019-09-10 00:00:00,23662199.3205437
2019-09-11 00:00:00,23997270.4992307
2019-09-12 00:00:00,20481339.8621805
2019-09-13 00:00:00,19643241.8545153
2019-09-14 00:00:00,20523303.2794348
2019-09-15 00:00:00,19411747.0473599
2019-09-16 00:00:00,21460937.0914746
2019-09-17 00:00:00,19262723.365071
2019-09-18 00:00:00,22533478.5270288
2019-09-19 00:00:00,19373703.7112655
2019-09-20 00:00:00,19539823.5858986
2019-09-21 00:00:00,21079948.1168425
2019-09-22 00:00:00,21169975.568586
2019-09-23 00:00:00,14647183.7982298
2019-09-24 00:00:00,19220354.7854656
2019-09-25 00:00:00,17222704.4025811
2019-09-26 00:00:00,18142040.4350672
2019-09-27 00:00:00,13731933.7325467
2019-09-28 00:00:00,16399123.5708253
2019-09-29 00:00:00,14292283.4733979
2019-09-30 00:00:00,13436667.5184307
2019-10-01 00:00:00,15347785.3282141
2019-10-02 00:00:00,15983802.9460234
2019-10-03 00:00:00,15446657.0071901
2019-10-04 00:00:00,15198779.2000248
2019-10-05 00:00:00,16377861.1718337
2019-10-06 00:00:00,15379216.3300375
2019-10-07 00:00:00,15743886.0120569
2019-10-08 00:00:00,17060959.4496355
2019-10-09 00:00:00,14626389.9733706
2019-10-10 00:00:00,17831123.6787614
2019-10-11 00:00:00,17060812.1042193
2019-10-12 00:00:00,14021139.9221787
2019-10-13 00:00:00,15185999.1606783
2019-10-14 00:00:00,14628224.1898534
2019-10-15 00:00:00,16240085.9584146
2019-10-16 00:00:00,14633533.2162171
2019-10-17 00:00:00,15858419.0770184
2019-10-18 00:00:00,16329289.2152908
2019-10-19 00:00:00,14484979.8988221
2019-10-20 00:00:00,14984777.0324384
2019-10-21 00:00:00,16722180.4358311
2019-10-22 00:00:00,17496598.3543647
2019-10-23 00:00:00,17079475.3941129
2019-10-24 00:00:00,12594197.4342478
2019-10-25 00:00:00,13909079.2686761
2019-10-26 00:00:00,16769057.9170478
2019-10-27 00:00:00,13879519.9511491
2019-10-28 00:00:00,16254462.7222859
2019-10-29 00:00:00,15907595.3936571
2019-10-30 00:00:00,15935289.7344978
2019-10-31 00:00:00,15460313.802921
2019-11-01 00:00:00,15476389.7763189
2019-11-02 00:00:00,16052149.3645515
2019-11-03 00:00:00,16402669.8082591
2019-11-04 00:00:00,15941423.7726535
2019-11-05 00:00:00,17451427.0960617
2019-11-06 00:00:00,15769410.013443
2019-11-07 00:00:00,15970955.4356528
2019-11-08 00:00:00,14762408.0373763
2019-11-09 00:00:00,16111246.6162539
2019-11-10 00:00:00,18896479.028929
2019-11-11 00:00:00,16881322.7128666
2019-11-12 00:00:00,14989182.4021882
2019-11-13 00:00:00,15067619.9304147
2019-11-14 00:00:00,18779474.737608
2019-11-15 00:00:00,17351278.970832
2019-11-16 00:00:00,15864379.2041146
2019-11-17 00:00:00,16582477.2990228
2019-11-18 00:00:00,14963381.5186087
2019-11-19 00:00:00,15599060.2593914
2019-11-20 00:00:00,14807093.0673851
2019-11-21 00:00:00,13715760.945241
2019-11-22 00:00:00,12538677.9776505
2019-11-23 00:00:00,16178363.034655
2019-11-24 00:00:00,11832812.5764915
2019-11-25 00:00:00,11205569.8205629
2019-11-26 00:00:00,11167150.5679495
2019-11-27 00:00:00,12848987.4919461
2019-11-28 00:00:00,15917751.9149121
2019-11-29 00:00:00,14142605.488628
2019-11-30 00:00:00,12281980.5701858
2019-12-01 00:00:00,12925726.3722973
2019-12-02 00:00:00,13446041.6564058
2019-12-03 00:00:00,14637722.1146156
2019-12-04 00:00:00,15591131.4044838
2019-12-05 00:00:00,13451289.4192284
2019-12-06 00:00:00,13603961.7470767
2019-12-07 00:00:00,15286888.4929326
2019-12-08 00:00:00,13969510.4009207
2019-12-09 00:00:00,13970881.9664841
2019-12-10 00:00:00,13646564.1053916
2019-12-11 00:00:00,12062018.8328855
2019-12-12 00:00:00,12076200.2025003
2019-12-13 00:00:00,14060284.4659923
2019-12-14 00:00:00,13824044.9576452
2019-12-15 00:00:00,11126047.8730105
2019-12-16 00:00:00,14132643.7105247
2019-12-17 00:00:00,12121833.9540971
2019-12-18 00:00:00,11695182.7772287
2019-12-19 00:00:00,14591652.0228841
2019-12-20 00:00:00,14124384.4575268
2019-12-21 00:00:00,15844785.3183124
2019-12-22 00:00:00,15337832.9734668
2019-12-23 00:00:00,13758030.7646397
2019-12-24 00:00:00,11525831.9084891
2019-12-25 00:00:00,11634910.2863679
2019-12-26 00:00:00,15752637.611085
2019-12-27 00:00:00,13514433.1871364
2019-12-28 00:00:00,13698700.7384132
2019-12-29 00:00:00,14317659.0176258
2019-12-30 00:00:00,15446347.0361434
2019-12-31 00:00:00,13152944.2201164
2020-01-01 00:00:00,15907075.7858818
2020-01-02 00:00:00,12576131.2232563
2020-01-03 00:00:00,15705586.471209
2020-01-04 00:00:00,15650931.3942571
2020-01-05 00:00:00,15404396.6232259
2020-01-06 00:00:00,13051403.0811154
2020-01-07 00:00:00,17646229.3032322
2020-01-08 00:00:00,14890476.7245234
2020-01-09 00:00:00,15730239.7133437
2020-01-10 00:00:00,15541380.5657432
2020-01-11 00:00:00,16893865.3907386
2020-01-12 00:00:00,15625350.6674988
2020-01-13 00:00:00,14633330.0813923
2020-01-14 00:00:00,15748081.3734265
2020-01-15 00:00:00,16792710.0748656
2020-01-16 00:00:00,17478168.636505
2020-01-17 00:00:00,17783148.0200682
2020-01-18 00:00:00,14834325.0760483
2020-01-19 00:00:00,16961771.1248425
2020-01-20 00:00:00,16034934.2929324
2020-01-21 00:00:00,16708344.241405
2020-01-22 00:00:00,17310387.5912493
2020-01-23 00:00:00,17169132.3178694
2020-01-24 00:00:00,16478219.0489395
2020-01-25 00:00:00,17146239.26569
2020-01-26 00:00:00,15373871.852787
2020-01-27 00:00:00,14226813.8664812
2020-01-28 00:00:00,16242549.0084109
2020-01-29 00:00:00,18887556.2843298
2020-01-30 00:00:00,18922276.3946485
2020-01-31 00:00:00,17040641.8640666
2020-02-01 00:00:00,17858163.3183205
2020-02-02 00:00:00,16944231.593907
2020-02-03 00:00:00,17467129.7546416
2020-02-04 00:00:00,15415016.36326
2020-02-05 00:00:00,19130672.8183499
2020-02-06 00:00:00,17105098.5956135
2020-02-07 00:00:00,17296713.6149433
2020-02-08 00:00:00,17511947.9489374
2020-02-09 00:00:00,19747647.2563808
2020-02-10 00:00:00,15671545.1161284
2020-02-11 00:00:00,19051941.2100874
2020-02-12 00:00:00,18763378.4859796
2020-02-13 00:00:00,18474198.4419548
2020-02-14 00:00:00,17892676.3265022
2020-02-15 00:00:00,18294966.9414571
2020-02-16 00:00:00,17801511.08347
2020-02-17 00:00:00,19823862.1987849
2020-02-18 00:00:00,19007001.5279857
2020-02-19 00:00:00,18406770.3412521
2020-02-20 00:00:00,15368284.8740307
2020-02-21 00:00:00,18886942.6943443
2020-02-22 00:00:00,18051502.9659413
2020-02-23 00:00:00,17684305.8236258
2020-02-24 00:00:00,17377835.2213733
2020-02-25 00:00:00,17822599.4317669
2020-02-26 00:00:00,15629013.6810431
2020-02-27 00:00:00,16401715.3340557
2020-02-28 00:00:00,17412081.0567263
2020-02-29 00:00:00,15277906.3501235
2020-03-01 00:00:00,19058740.702697
2020-03-02 00:00:00,16697791.7547892
2020-03-03 00:00:00,17037037.2303219
2020-03-04 00:00:00,18948989.9695022
2020-03-05 00:00:00,18562608.9764852
2020-03-06 00:00:00,18084440.7557398
2020-03-07 00:00:00,18200369.580492
2020-03-08 00:00:00,17385259.2570763
2020-03-09 00:00:00,15003719.0413104
2020-03-10 00:00:00,13309094.5286119
2020-03-11 00:00:00,11906436.352487
2020-03-12 00:00:00,13544827.8769228
2020-03-13 00:00:00,8634486.98165652
2020-03-14 00:00:00,8986521.2261113
2020-03-15 00:00:00,8103100.66412195
2020-03-16 00:00:00,7889846.94060429
2020-03-17 00:00:00,8477516.57450476
2020-03-18 00:00:00,6941254.71929466
2020-03-19 00:00:00,7981376.24196957
2020-03-20 00:00:00,9446456.6579134
2020-03-21 00:00:00,9873966.12841585
2020-03-22 00:00:00,9996191.20726949
2020-03-23 00:00:00,8912695.38775182
2020-03-24 00:00:00,11290318.1081887
2020-03-25 00:00:00,8111093.56505244
2020-03-26 00:00:00,13691118.2118555
2020-03-27 00:00:00,13411241.2554212
2020-03-28 00:00:00,10989618.9333618
2020-03-29 00:00:00,11822813.2911171
2020-03-30 00:00:00,11637863.3799015
2020-03-31 00:00:00,13165642.8313156
2020-04-01 00:00:00,12386579.1867395
2020-04-02 00:00:00,13018917.4093132
2020-04-03 00:00:00,11436511.5514712
2020-04-04 00:00:00,13560678.0014824
2020-04-05 00:00:00,14957634.8766792
2020-04-06 00:00:00,11485342.6768563
2020-04-07 00:00:00,15735459.9608062
2020-04-08 00:00:00,13302461.4215237
2020-04-09 00:00:00,14241012.6272215
2020-04-10 00:00:00,14368680.593185
2020-04-11 00:00:00,13917060.6896329
2020-04-12 00:00:00,13349664.7131069
2020-04-13 00:00:00,14683700.7327373
2020-04-14 00:00:00,14587959.1353395
2020-04-15 00:00:00,14558871.7374524
2020-04-16 00:00:00,13495677.8347836
2020-04-17 00:00:00,11584618.6908067
2020-04-18 00:00:00,14261973.7785588
2020-04-19 00:00:00,13731416.2140145
2020-04-20 00:00:00,14513595.7291591
2020-04-21 00:00:00,13280755.4956055
2020-04-22 00:00:00,11597010.0622321
2020-04-23 00:00:00,13203833.9171429
2020-04-24 00:00:00,14000287.8021753
2020-04-25 00:00:00,13029925.9247904
2020-04-26 00:00:00,13360910.3301689
2020-04-27 00:00:00,13997087.9010893
2020-04-28 00:00:00,15084394.0350117
2020-04-29 00:00:00,15737371.4387275
2020-04-30 00:00:00,16397343.7651328
2020-05-01 00:00:00,17578400.0138616
2020-05-02 00:00:00,17019209.5407702
2020-05-03 00:00:00,19630255.3423323
2020-05-04 00:00:00,17898623.6303281
2020-05-05 00:00:00,18282730.7640675
2020-05-06 00:00:00,20611754.9554308
2020-05-07 00:00:00,18246780.7005844
2020-05-08 00:00:00,18271845.620501
2020-05-09 00:00:00,17375844.0015605
2020-05-10 00:00:00,19252835.575272
2020-05-11 00:00:00,17168436.3390022
2020-05-12 00:00:00,8950520.33366681
2020-05-13 00:00:00,7822621.0542868
2020-05-14 00:00:00,8245134.85128987
2020-05-15 00:00:00,8969982.47707204
2020-05-16 00:00:00,8429266.32745205
2020-05-17 00:00:00,7112392.24211133
2020-05-18 00:00:00,9800851.10620265
2020-05-19 00:00:00,8879553.7575469
2020-05-20 00:00:00,8810740.96343472
2020-05-21 00:00:00,9450405.20057815
2020-05-22 00:00:00,7770388.92415917
2020-05-23 00:00:00,7843058.63019165
2020-05-24 00:00:00,7286826.33878152
2020-05-25 00:00:00,7689659.79284451
2020-05-26 00:00:00,7687822.76814688
2020-05-27 00:00:00,9241012.00693874
2020-05-28 00:00:00,8457127.38821037
2020-05-29 00:00:00,8526743.18954307
2020-05-30 00:00:00,9913195.96576446
2020-05-31 00:00:00,9542417.4585863
2020-06-01 00:00:00,8910754.39107795
2020-06-02 00:00:00,8941264.80720643
2020-06-03 00:00:00,9081230.36860107
2020-06-04 00:00:00,9764314.20040038
2020-06-05 00:00:00,11573082.6899895
2020-06-06 00:00:00,12477168.3999888
2020-06-07 00:00:00,9821022.7645001
2020-06-08 00:00:00,10379765.6243221
2020-06-09 00:00:00,10182263.0439178
2020-06-10 00:00:00,10401186.386667
2020-06-11 00:00:00,11473619.1499784
2020-06-12 00:00:00,9866334.58133083
2020-06-13 00:00:00,9622452.78417518
2020-06-14 00:00:00,10380781.5378385
2020-06-15 00:00:00,8280410.59960841
2020-06-16 00:00:00,9617963.21008684
2020-06-17 00:00:00,8709273.10823802
2020-06-18 00:00:00,7714420.95468918
2020-06-19 00:00:00,8736099.47769752
2020-06-20 00:00:00,8238014.00234774
2020-06-21 00:00:00,9006615.2058985
2020-06-22 00:00:00,8923565.20117743
2020-06-23 00:00:00,9964641.89522986
2020-06-24 00:00:00,8594577.4593605
2020-06-25 00:00:00,8504016.54820617
2020-06-26 00:00:00,9950436.65769901
2020-06-27 00:00:00,8059992.05896448
2020-06-28 00:00:00,8666896.61256926
2020-06-29 00:00:00,8562734.80271627
2020-06-30 00:00:00,8801310.46204946
2020-07-01 00:00:00,10124055.9362646
2020-07-02 00:00:00,9907317.70423729
2020-07-03 00:00:00,9873738.20676215
2020-07-04 00:00:00,9203934.10591
2020-07-05 00:00:00,9453537.18129459
2020-07-06 00:00:00,9573702.5263014
2020-07-07 00:00:00,9827305.84595956
2020-07-08 00:00:00,9269106.00709557
2020-07-09 00:00:00,10324012.452296
2020-07-10 00:00:00,9821730.66445103
2020-07-11 00:00:00,9308390.99757443
2020-07-12 00:00:00,9012154.57131376
2020-07-13 00:00:00,8910800.3628078
2020-07-14 00:00:00,9003009.80517444
2020-07-15 00:00:00,8552242.70922882
2020-07-16 00:00:00,8476261.34494985
2020-07-17 00:00:00,7439212.40619956
2020-07-18 00:00:00,8257260.54422192
2020-07-19 00:00:00,8030628.81677879
2020-07-20 00:00:00,8809861.14917053
2020-07-21 00:00:00,8215338.73446885
2020-07-22 00:00:00,9764974.36846801
2020-07-23 00:00:00,9402091.57921377
2020-07-24 00:00:00,10810915.0426475
2020-07-25 00:00:00,9515131.31193061
2020-07-26 00:00:00,10587041.6037513
2020-07-27 00:00:00,11099308.3016979
2020-07-28 00:00:00,12037341.111269
2020-07-29 00:00:00,12189404.7472878
2020-07-30 00:00:00,11301864.6984554
2020-07-31 00:00:00,12639960.4220093
2020-08-01 00:00:00,11439834.2341845
2020-08-02 00:00:00,11205874.8463142
2020-08-03 00:00:00,12873862.5784736
2020-08-04 00:00:00,11438679.0832375
2020-08-05 00:00:00,10806917.3916886
2020-08-06 00:00:00,13771270.4382111
2020-08-07 00:00:00,12898632.9438048
2020-08-08 00:00:00,11292366.647165
2020-08-09 00:00:00,12105371.3641104
2020-08-10 00:00:00,11774383.1865932
2020-08-11 00:00:00,12966824.4492047
2020-08-12 00:00:00,12684820.6087768
2020-08-13 00:00:00,11879252.2971003
2020-08-14 00:00:00,13709961.9922364
2020-08-15 00:00:00,12537672.5372401
2020-08-16 00:00:00,12130221.317492
2020-08-17 00:00:00,10390360.2175087
2020-08-18 00:00:00,12747409.9454137
2020-08-19 00:00:00,11920459.626279147
2020-08-20 00:00:00,12309250.391919043
2020-08-21 00:00:00,12988330.809193192
2020-08-22 00:00:00,11060458.286919411
2020-08-23 00:00:00,12250514.724347962
2020-08-24 00:00:00,11845489.149642441
2020-08-25 00:00:00,10414543.565818902
2020-08-26 00:00:00,11345447.778234858
2020-08-27 00:00:00,10690122.01226198
2020-08-28 00:00:00,13003916.081702596
2020-08-29 00:00:00,11257775.012961268
2020-08-30 00:00:00,9959939.36462156
2020-08-31 00:00:00,12191565.474340877
2020-09-01 00:00:00,12943722.052071035
2020-09-02 00:00:00,12071209.204979686
2020-09-03 00:00:00,10387319.325323954
2020-09-04 00:00:00,10521917.64225536
2020-09-05 00:00:00,10426131.583986409
2020-09-06 00:00:00,10418304.66587639
2020-09-07 00:00:00,12203310.681068864
2020-09-08 00:00:00,10676168.86571476
2020-09-09 00:00:00,10385265.13427389
2020-09-10 00:00:00,11342158.755076
2020-09-11 00:00:00,9984827.136857176
2020-09-12 00:00:00,11755971.409291402
2020-09-13 00:00:00,11038733.637861196
2020-09-14 00:00:00,12485219.771708764
2020-09-15 00:00:00,11329376.27027292
2020-09-16 00:00:00,11397006.21477204
2020-09-17 00:00:00,12881875.598747488
2020-09-18 00:00:00,12027086.744657055
2020-09-19 00:00:00,10777756.114914745
2020-09-20 00:00:00,10041684.798421945
2020-09-21 00:00:00,10351909.518035322
2020-09-22 00:00:00,9208013.41541779
2020-09-23 00:00:00,10252434.95536237
2020-09-24 00:00:00,9928235.838903904
2020-09-25 00:00:00,12502201.347978113
2020-09-26 00:00:00,10759364.728825692
2020-09-27 00:00:00,10713359.143363992
2020-09-28 00:00:00,9531618.970526235
2020-09-29 00:00:00,10337349.261857346
2020-09-30 00:00:00,11484361.336782591
2020-10-01 00:00:00,9416443.242984341
2020-10-02 00:00:00,10232863.851096012
2020-10-03 00:00:00,10855303.17414383
2020-10-04 00:00:00,11055916.218426451
2020-10-05 00:00:00,10710768.428353487
2020-10-06 00:00:00,10054284.607074086
2020-10-07 00:00:00,11193916.28524024
2020-10-08 00:00:00,12084850.912867788
2020-10-09 00:00:00,10965183.362031737
2020-10-10 00:00:00,11127194.8560519
2020-10-11 00:00:00,10659930.880493835
2020-10-12 00:00:00,11515021.100733979
2020-10-13 00:00:00,12872175.626639746
2020-10-14 00:00:00,11605343.496273927
2020-10-15 00:00:00,11814116.192273524
2020-10-16 00:00:00,11742282.088889891
2020-10-17 00:00:00,11674223.51603316
2020-10-18 00:00:00,8982105.736832837
2020-10-19 00:00:00,9776921.35454538
2020-10-20 00:00:00,11710523.407490088
2020-10-21 00:00:00,11562043.137415789
2020-10-22 00:00:00,13585268.793336762
2020-10-23 00:00:00,12640081.09752187
2020-10-24 00:00:00,13768787.568247974
2020-10-25 00:00:00,10397996.375269836
2020-10-26 00:00:00,10435984.482452529
2020-10-27 00:00:00,10871089.34394712
2020-10-28 00:00:00,11446509.259696554
2020-10-29 00:00:00,12458484.387886178
2020-10-30 00:00:00,12828892.041338578
2020-10-31 00:00:00,13341986.845960088
2020-11-01 00:00:00,13377441.175498055
2020-11-02 00:00:00,10902576.25650482
2020-11-03 00:00:00,15826226.373946056
2020-11-04 00:00:00,16641138.126188194
2020-11-05 00:00:00,20893224.438920554
2020-11-06 00:00:00,18889243.164551694
2020-11-07 00:00:00,16132958.559332216
2020-11-08 00:00:00,15148276.024686076
2020-11-09 00:00:00,20216887.388651714
2020-11-10 00:00:00,16459647.090100147
2020-11-11 00:00:00,16020485.034676496
2020-11-12 00:00:00,17804675.564513773
2020-11-13 00:00:00,16032046.443972783
2020-11-14 00:00:00,15597257.884330552
2020-11-15 00:00:00,15662707.440931926
2020-11-16 00:00:00,17711414.833960325
2020-11-17 00:00:00,18324639.99735234
2020-11-18 00:00:00,21194109.321156435
2020-11-19 00:00:00,16988027.064900875
2020-11-20 00:00:00,20641618.88821196
2020-11-21 00:00:00,20655875.924064286
2020-11-22 00:00:00,20906345.739519313
2020-11-23 00:00:00,18011288.3905691
2020-11-24 00:00:00,17683648.930801246
2020-11-25 00:00:00,20363512.95999495
2020-11-26 00:00:00,18340061.78604947
2020-11-27 00:00:00,17988301.561259545
2020-11-28 00:00:00,17630656.51384634
2020-11-29 00:00:00,18023228.15797287
2020-11-30 00:00:00,14684437.13730185
2020-12-01 00:00:00,21143567.33429405
2020-12-02 00:00:00,18291019.906802543
2020-12-03 00:00:00,21762338.78996689
2020-12-04 00:00:00,19296507.660683624
2020-12-05 00:00:00,18632287.72198453
2020-12-06 00:00:00,17217876.55490936
2020-12-07 00:00:00,19343628.017927807
2020-12-08 00:00:00,18941288.637713753
2020-12-09 00:00:00,17187411.942549206
2020-12-10 00:00:00,16448918.976491643
2020-12-11 00:00:00,16978667.126258247
2020-12-12 00:00:00,16396977.017211141
2020-12-13 00:00:00,19661607.518971115
2020-12-14 00:00:00,18516458.628991954
2020-12-15 00:00:00,18584575.835623957
2020-12-16 00:00:00,19816346.525156554
2020-12-17 00:00:00,22338873.247198086
2020-12-18 00:00:00,27241477.875482038
2020-12-19 00:00:00,25884376.309846204
2020-12-20 00:00:00,24027162.60963906
2020-12-21 00:00:00,23298120.991149504
2020-12-22 00:00:00,23995220.12075107
2020-12-23 00:00:00,26038110.232698534
2020-12-24 00:00:00,20751169.501283977
2020-12-25 00:00:00,23792132.986943312
2020-12-26 00:00:00,23722327.94400382
2020-12-27 00:00:00,27533619.89224247
2020-12-28 00:00:00,29968235.311181773
2020-12-29 00:00:00,28221057.092363108
2020-12-30 00:00:00,33896444.42080255
2020-12-31 00:00:00,33284139.091827303
2021-01-01 00:00:00,29068047.02881674
2021-01-02 00:00:00,31908499.940662753
2021-01-03 00:00:00,35922359.22404933
2021-01-04 00:00:00,39752808.81415808
2021-01-05 00:00:00,35314776.48318403
2021-01-06 00:00:00,43004565.11013959
2021-01-07 00:00:00,45226287.01495596
2021-01-08 00:00:00,42358095.25666046
2021-01-09 00:00:00,40693122.11401789
2021-01-10 00:00:00,43171347.77742759
2021-01-11 00:00:00,37697672.105572425
2021-01-12 00:00:00,38534703.86316562
2021-01-13 00:00:00,37493720.35220138
2021-01-14 00:00:00,42518141.3229426
2021-01-15 00:00:00,41733817.69406035
2021-01-16 00:00:00,38126679.70239878
2021-01-17 00:00:00,31937013.5207863
2021-01-18 00:00:00,36250411.753908925
2021-01-19 00:00:00,38439879.37535342
2021-01-20 00:00:00,34297105.93950238
2021-01-21 00:00:00,30287474.72314571
2021-01-22 00:00:00,31865792.143227555
2021-01-23 00:00:00,33751644.506897256
2021-01-24 00:00:00,30284997.15879116
2021-01-25 00:00:00,33137293.923932903
2021-01-26 00:00:00,35209827.729441255
2021-01-27 00:00:00,30148573.701184303
2021-01-28 00:00:00,32031715.884661224
2021-01-29 00:00:00,39455373.63302356
2021-01-30 00:00:00,33651946.62402073
2021-01-31 00:00:00,33412205.26586177
2021-02-01 00:00:00,30096215.73409861
2021-02-02 00:00:00,38671645.45825114
2021-02-03 00:00:00,39131400.439372316
2021-02-04 00:00:00,43879560.217283756
2021-02-05 00:00:00,45671119.753917314
2021-02-06 00:00:00,45346981.332109064
2021-02-07 00:00:00,41085629.48255814
2021-02-08 00:00:00,48670642.79997875
2021-02-09 00:00:00,51636507.497528024
2021-02-10 00:00:00,49429153.26156691
2021-02-11 00:00:00,47377470.06192563
2021-02-12 00:00:00,53308083.0824142
2021-02-13 00:00:00,53952453.191675015
2021-02-14 00:00:00,50339561.18150959
2021-02-15 00:00:00,51761591.27857075
2021-02-16 00:00:00,42832906.95827337
2021-02-17 00:00:00,51285528.64317585
2021-02-18 00:00:00,53678746.908786446
2021-02-19 00:00:00,59244126.437538244
2021-02-20 00:00:00,59691256.6875985
2021-02-21 00:00:00,57635434.78941177
2021-02-22 00:00:00,52905473.90020501
2021-02-23 00:00:00,48487887.64094238
2021-02-24 00:00:00,59746178.57906681
2021-02-25 00:00:00,57792548.4154015
2021-02-26 00:00:00,47395143.797322005
2021-02-27 00:00:00,51148405.64582984
2021-02-28 00:00:00,40396048.67600178
2021-03-01 00:00:00,44513744.099418715
2021-03-02 00:00:00,50567917.70753806
2021-03-03 00:00:00,55147754.83271214
2021-03-04 00:00:00,45722350.32302363
2021-03-05 00:00:00,49815984.01444393
2021-03-06 00:00:00,49711918.89213497
2021-03-07 00:00:00,49451162.50304934
2021-03-08 00:00:00,53803631.21964566
2021-03-09 00:00:00,52888356.46482327
2021-03-10 00:00:00,57652864.476403445
2021-03-11 00:00:00,52736912.574518405
2021-03-12 00:00:00,60000114.24336446
2021-03-13 00:00:00,59410978.32581383
2021-03-14 00:00:00,64756375.034695014
2021-03-15 00:00:00,59673362.68696073
2021-03-16 00:00:00,57657199.41954258
2021-03-17 00:00:00,54456146.879519716
2021-03-18 00:00:00,64386085.97207126
2021-03-19 00:00:00,61617467.94631133
2021-03-20 00:00:00,61522483.4952451
2021-03-21 00:00:00,60066262.67738397
2021-03-22 00:00:00,58540676.97897906
2021-03-23 00:00:00,60904323.71943131
2021-03-24 00:00:00,56905120.7290735
2021-03-25 00:00:00,55913485.57796882
2021-03-26 00:00:00,49554041.05561001
2021-03-27 00:00:00,59212965.29536148
2021-03-28 00:00:00,58772016.35476238
2021-03-29 00:00:00,59732041.28817989
2021-03-30 00:00:00,58978791.97986809
2021-03-31 00:00:00,63698731.011946015
2021-04-01 00:00:00,58722692.65813852
2021-04-02 00:00:00,57243512.862984665
2021-04-03 00:00:00,54056516.12378918
2021-04-04 00:00:00,56501558.977773495
2021-04-05 00:00:00,62213130.42119343
2021-04-06 00:00:00,58865753.6739137
2021-04-07 00:00:00,61699929.39559078
2021-04-08 00:00:00,53025106.53857864
2021-04-09 00:00:00,62936805.508286126
2021-04-10 00:00:00,64092742.42249997
2021-04-11 00:00:00,58799840.659562446
2021-04-12 00:00:00,59662203.17826638
2021-04-13 00:00:00,61441759.0375718
2021-04-14 00:00:00,63141327.402798735
2021-04-15 00:00:00,80172244.97007681
2021-04-16 00:00:00,48356808.52401327
2021-04-17 00:00:00,45028087.58663974
2021-04-18 00:00:00,57721965.5233542
2021-04-19 00:00:00,47180246.47068432
2021-04-20 00:00:00,62004693.81146113
2021-04-21 00:00:00,49225543.81325493
2021-04-22 00:00:00,64293952.906998485
2021-04-23 00:00:00,55567384.88797259
2021-04-24 00:00:00,53877732.96517578
2021-04-25 00:00:00,49453312.869487576
2021-04-26 00:00:00,47389587.56067316
2021-04-27 00:00:00,57182089.25851064
2021-04-28 00:00:00,56029341.15713478
2021-04-29 00:00:00,48848197.60179543
2021-04-30 00:00:00,59389761.303177826
2021-05-01 00:00:00,56995422.307202466
2021-05-02 00:00:00,70637245.5046327
2021-05-03 00:00:00,71252796.33298717
2021-05-04 00:00:00,68034176.30412355
2021-05-05 00:00:00,61161963.09240894
2021-05-06 00:00:00,66659326.27502956
2021-05-07 00:00:00,71663298.61460015
2021-05-08 00:00:00,67678884.92096624
2021-05-09 00:00:00,71465404.01503558
2021-05-10 00:00:00,71072062.4963203
2021-05-11 00:00:00,64607298.400094174
2021-05-12 00:00:00,64585949.4848341
2021-05-13 00:00:00,53650242.51126909
2021-05-14 00:00:00,45652932.824427664
2021-05-15 00:00:00,41386831.59001042
2021-05-16 00:00:00,41709082.876608536
2021-05-17 00:00:00,36875391.36590077
2021-05-18 00:00:00,30628667.240716435
2021-05-19 00:00:00,36558890.15030742
2021-05-20 00:00:00,33135536.43756745
2021-05-21 00:00:00,31984319.396481585
2021-05-22 00:00:00,31076144.881794974
2021-05-23 00:00:00,28944158.98421438
2021-05-24 00:00:00,32668797.23653627
2021-05-25 00:00:00,32577927.94728843
2021-05-26 00:00:00,32976616.14112848
2021-05-27 00:00:00,30872457.374978814
2021-05-28 00:00:00,29892496.4361271
2021-05-29 00:00:00,27237217.139367037
2021-05-30 00:00:00,33235125.091146626
2021-05-31 00:00:00,33914623.681255355
2021-06-01 00:00:00,34238305.81555942
2021-06-02 00:00:00,41033277.7360982
2021-06-03 00:00:00,37237145.28549553
2021-06-04 00:00:00,32433139.613245476
2021-06-05 00:00:00,31004148.542508267
2021-06-06 00:00:00,34551597.29480198
2021-06-07 00:00:00,32065211.206185155
2021-06-08 00:00:00,31680869.696719125
2021-06-09 00:00:00,29082024.72863661
2021-06-10 00:00:00,28990968.607225362
2021-06-11 00:00:00,25753794.507168025
2021-06-12 00:00:00,31189778.559382275
2021-06-13 00:00:00,31382108.55365283
2021-06-14 00:00:00,36421303.120417744
2021-06-15 00:00:00,34465050.9411636
2021-06-16 00:00:00,31780141.800057426
2021-06-17 00:00:00,32585835.143843785
2021-06-18 00:00:00,29858234.31511843
2021-06-19 00:00:00,23856840.00185822
2021-06-20 00:00:00,23743052.0992393
2021-06-21 00:00:00,23126700.279965036
2021-06-22 00:00:00,19804046.130290017
2021-06-23 00:00:00,23621428.331087295
2021-06-24 00:00:00,23766132.38608606
2021-06-25 00:00:00,24364896.164727684
2021-06-26 00:00:00,18459502.48536148
2021-06-27 00:00:00,13064509.932234002
2021-06-28 00:00:00,20581265.559633788
2021-06-29 00:00:00,21860395.240822982
2021-06-30 00:00:00,21597056.01010785
2021-07-01 00:00:00,22482193.59954811
2021-07-02 00:00:00,20787750.55088921
2021-07-03 00:00:00,29286315.156302497
2021-07-04 00:00:00,26850966.694825143
2021-07-05 00:00:00,29781454.423735674
2021-07-06 00:00:00,31922406.81313202
2021-07-07 00:00:00,27871474.456535358
2021-07-08 00:00:00,29946768.12842675
2021-07-09 00:00:00,28042394.08723746
2021-07-10 00:00:00,34562838.34397255
2021-07-11 00:00:00,27450462.488367923
2021-07-12 00:00:00,27887294.46842595
2021-07-13 00:00:00,28926080.150108404
2021-07-14 00:00:00,35713899.102159716
2021-07-15 00:00:00,26360965.372066207
2021-07-16 00:00:00,30312671.303400345
2021-07-17 00:00:00,28583415.04251025
2021-07-18 00:00:00,28985344.268370077
2021-07-19 00:00:00,33665753.26013767
2021-07-20 00:00:00,23622405.807595752
2021-07-21 00:00:00,28599770.53082254
2021-07-22 00:00:00,32359585.956606735
2021-07-23 00:00:00,27972459.84596659
2021-07-24 00:00:00,33022007.456692234
2021-07-25 00:00:00,33196893.294046123
2021-07-26 00:00:00,36493145.8849538
2021-07-27 00:00:00,40625844.53592668
2021-07-28 00:00:00,39723886.333062276
2021-07-29 00:00:00,40901817.89725001
2021-07-30 00:00:00,42087445.1906185
2021-07-31 00:00:00,41621939.121906385
2021-08-01 00:00:00,40874038.11368588
2021-08-02 00:00:00,35937889.12802676
2021-08-03 00:00:00,41637592.37890438
2021-08-04 00:00:00,33520445.171270356
2021-08-05 00:00:00,39935192.170622125
2021-08-06 00:00:00,41573126.86150505
2021-08-07 00:00:00,45850268.790412456
2021-08-08 00:00:00,44179354.81712923
2021-08-09 00:00:00,43228448.21630561
2021-08-10 00:00:00,48233368.67053298
2021-08-11 00:00:00,42939210.622138664
2021-08-12 00:00:00,42929376.7834287
2021-08-13 00:00:00,42018438.48174473
2021-08-14 00:00:00,48765927.53500252
2021-08-15 00:00:00,53211493.46389551
2021-08-16 00:00:00,47962042.2573277
2021-08-17 00:00:00,51238797.93256642
2021-08-18 00:00:00,38733931.86284885
2021-08-19 00:00:00,44064382.99067613
2021-08-20 00:00:00,48449546.18566341
2021-08-21 00:00:00,52705962.505506665
2021-08-22 00:00:00,50723143.42981716
2021-08-23 00:00:00,62783444.839141734
2021-08-24 00:00:00,48446097.43704099
2021-08-25 00:00:00,48840322.24348587
2021-08-26 00:00:00,44344740.93695561
2021-08-27 00:00:00,44045251.69675718
2021-08-28 00:00:00,43653820.949328326
2021-08-29 00:00:00,48550300.09798564
2021-08-30 00:00:00,41207632.496016696
2021-08-31 00:00:00,43189750.75463795
2021-09-01 00:00:00,41665458.82355731
2021-09-02 00:00:00,47307177.29767034
2021-09-03 00:00:00,47116728.859512806
2021-09-04 00:00:00,49149539.307197995
2021-09-05 00:00:00,52134864.51670021
2021-09-06 00:00:00,57266555.76617543
2021-09-07 00:00:00,50271634.77666399
2021-09-08 00:00:00,41770433.46465715
2021-09-09 00:00:00,40368816.125831656
2021-09-10 00:00:00,39761194.02916377
2021-09-11 00:00:00,42455401.022459485
2021-09-12 00:00:00,42869858.34315411
2021-09-13 00:00:00,45344744.03230823
2021-09-14 00:00:00,49469863.80813275
2021-09-15 00:00:00,43026873.39652887
2021-09-16 00:00:00,41447857.65982055
2021-09-17 00:00:00,45000740.70677981
2021-09-18 00:00:00,47817679.60133659
2021-09-19 00:00:00,48131991.96049828
2021-09-20 00:00:00,46493150.405059814
2021-09-21 00:00:00,33328734.036510628
2021-09-22 00:00:00,36087715.34087247
2021-09-23 00:00:00,46022168.07568965
2021-09-24 00:00:00,40572791.526409164
2021-09-25 00:00:00,38679199.26482163
2021-09-26 00:00:00,38084247.824875385
2021-09-27 00:00:00,43218816.609998696
2021-09-28 00:00:00,40399023.488103874
2021-09-29 00:00:00,34503900.23399902
2021-09-30 00:00:00,46789306.0477054
2021-10-01 00:00:00,40884975.737541296
2021-10-02 00:00:00,56739068.277852364
2021-10-03 00:00:00,45436120.54418755
2021-10-04 00:00:00,47639372.834770404
2021-10-05 00:00:00,52076953.33832859
2021-10-06 00:00:00,43942894.697324865
2021-10-07 00:00:00,49405388.008102894
2021-10-08 00:00:00,41966394.782137804
2021-10-09 00:00:00,52134455.4356277
2021-10-10 00:00:00,55625852.15177321
2021-10-11 00:00:00,52898159.498963125
2021-10-12 00:00:00,48626582.2756845
2021-10-13 00:00:00,60196305.44825861
2021-10-14 00:00:00,51775839.05997654
2021-10-15 00:00:00,54670343.84247817
2021-10-16 00:00:00,51917022.70940908
2021-10-17 00:00:00,61555796.558050446
2021-10-18 00:00:00,58173901.823325954
2021-10-19 00:00:00,61804734.85684274
2021-10-20 00:00:00,61742492.207179874
2021-10-21 00:00:00,60807152.14749298
2021-10-22 00:00:00,63205405.89871215
2021-10-23 00:00:00,56004608.352318116
2021-10-24 00:00:00,58596760.65179703
2021-10-25 00:00:00,74417752.58679873
2021-10-26 00:00:00,59364122.89428637
2021-10-27 00:00:00,59080371.713124186
2021-10-28 00:00:00,58309865.54726451