index,Timestamp,n-payments-per-block,miners-revenue,trade-volume,avg-block-size,n-unique-addresses,difficulty,hash-rate
328,9/25/2019 0:00,3714,0.166293536,0.147157267,1.10453434,0.407110606,1190,90.85816
523,4/7/2020 0:00,3302,0.146596411,0.060107029,1.137403304,0.364428287,1390,104.430894
1086,10/22/2021 0:00,4256,0.775290445,0.281810289,1.168189481,0.613512798,2010,146.706532
215,6/4/2019 0:00,4677,0.163720986,0.051685223,1.253258474,0.587933612,746,51.200279
256,7/15/2019 0:00,4278,0.19828594,0.043615708,1.136103938,0.429396836,906,64.994549
516,3/31/2020 0:00,3281,0.112561643,0.050813928,1.025871107,0.404473127,1390,100.49562
545,4/29/2020 0:00,4273,0.146621721,0.024330739,1.195938752,0.576904154,1600,111.629897
380,11/16/2019 0:00,3123,0.14830382,0.024305436,1.171504054,0.287969421,1270,95.569879
457,2/1/2020 0:00,3082,0.174709582,0.025700755,0.962483086,0.2975369,1550,111.605537
247,7/6/2019 0:00,3301,0.286986544,0.031203624,0.897182388,0.332801893,793,65.082061
833,2/11/2021 0:00,5889,0.565664571,0.261932918,1.271182419,0.605184655,2140,164.73589
636,7/29/2020 0:00,4566,0.099632304,0.103341661,1.283028885,0.520354051,1680,126.940916
327,9/24/2019 0:00,3763,0.192750513,0.02987994,1.163618121,0.446587158,1190,90.098194
694,9/25/2020 0:00,4151,0.103774988,0.031397263,1.348089142,0.496788005,1930,133.83926
598,6/21/2020 0:00,3136,0.057479295,0.010133283,0.981158459,0.49069409,1580,105.875824
352,10/19/2019 0:00,3500,0.130035,0.021894366,0.968948148,0.274453509,1300,93.854559
865,3/15/2021 0:00,5175,0.728511913,0.137620941,1.356310189,0.896048452,2140,156.274409
561,5/15/2020 0:00,4715,0.056994126,0.096981321,1.272443528,0.28933487,1610,111.966037
976,7/4/2021 0:00,3920,0.29381067,0.045531853,1.441163609,0.402101887,1440,86.292418
678,9/9/2020 0:00,4398,0.075738196,0.053294118,1.194565423,0.458384194,1730,127.930089
307,9/4/2019 0:00,3895,0.181563785,0.064228968,1.177994235,0.364839322,1080,81.222827
296,8/24/2019 0:00,3060,0.215170506,0.03080667,0.977127281,0.220912997,1020,71.988449
1030,8/27/2021 0:00,4104,0.52153253,0.102720489,1.025525534,0.438190509,1760,130.281221
981,7/9/2021 0:00,4253,0.309589981,0.105310143,1.259713985,0.390348446,1440,93.241612
458,2/2/2020 0:00,3091,0.16260544,0.003565498,1.012892266,0.409723174,1550,110.98101
106,2/15/2019 0:00,3613,0.01451175,0.043201644,1.101274228,0.244609827,606,43.191347
656,8/18/2020 0:00,4841,0.107022547,0.072038166,1.245246229,0.56963941,1690,127.334808
55,12/26/2018 0:00,2692,0.037238145,0.129054213,0.889580548,0.135384879,511,39.38172
365,11/1/2019 0:00,3890,0.143165277,0.042718633,1.241092908,0.393957464,1370,90.034605
213,6/2/2019 0:00,3991,0.14297639,0.016969512,1.200579634,0.279393722,746,53.764036
120,3/1/2019 0:00,3526,0.041906193,0.069645328,1.053071407,0.377565859,607,44.684496
425,12/31/2019 0:00,3254,0.112393457,0.011486679,0.982280848,0.12391169,1290,95.1724
280,8/8/2019 0:00,3879,0.23025873,0.107043839,1.239356866,0.401888584,999,73.980794
25,11/26/2018 0:00,3768,0.0106874,0.285558444,1.186164189,0.248323161,665,41.578428
72,1/12/2019 0:00,2979,0.023062052,0.089009348,0.896714659,0.134688921,562,43.172096
940,5/29/2021 0:00,4533,0.298926182,0.211249944,1.322726397,0.47469328,2500,149.763852
44,12/15/2018 0:00,2675,0.018427391,0.120297148,0.941854396,0.136270785,565,36.128074
837,2/15/2021 0:00,4826,0.62372806,0.155417846,1.321964755,0.794175438,2140,156.021049
916,5/5/2021 0:00,5002,0.748226997,0.256227165,1.34764428,0.675753565,2060,170.671365
289,8/17/2019 0:00,3705,0.160943644,0.068693906,0.996770289,0.204006041,999,74.456151
949,6/7/2021 0:00,4419,0.362868345,0.06910914,1.250724722,0.575499782,2100,150.665524
413,12/19/2019 0:00,3138,0.131447768,0.057862079,1.013370414,0.356838139,1290,90.712915
424,12/30/2019 0:00,3103,0.142767386,0.006651788,0.944622572,0.278791181,1290,93.057458
1026,8/23/2021 0:00,3082,0.769701975,0.04746525,0.928536898,0.490473002,1560,123.285734
494,3/9/2020 0:00,3636,0.136905202,0.039330742,1.14787998,0.453705549,1610,121.197746
1069,10/5/2021 0:00,4250,0.627904728,0.109096101,1.274705579,0.591125366,1990,146.661109
504,3/19/2020 0:00,4614,0.043900985,0.069752055,1.306641869,0.248706172,1660,101.680789
670,9/1/2020 0:00,4859,0.109622512,0.024287886,1.273975422,0.576030703,1760,122.817197
371,11/7/2019 0:00,3794,0.149715317,0.016842374,1.178781985,0.378848789,1370,91.590278
873,3/23/2021 0:00,4880,0.744814815,0.250523418,1.352368143,0.748003986,2190,160.766785
404,12/10/2019 0:00,3335,0.118930982,0.026221373,1.106342622,0.371467273,1290,97.78374
60,12/31/2018 0:00,2605,0.036906382,0.076986057,0.888393981,0.125974653,525,40.723455
596,6/19/2020 0:00,4394,0.053896569,0.01536834,1.284985049,0.456897303,1580,105.905234
92,2/1/2019 0:00,3261,0.029022613,0.027621857,1.024592437,0.300119885,581,41.813561
692,9/23/2020 0:00,4885,0.073978989,0.0233762,1.287952528,0.437704739,1930,136.590568
734,11/4/2020 0:00,4082,0.15859125,0.059524265,1.342291579,0.464946752,1680,110.352547
755,11/25/2020 0:00,4812,0.207890547,0.157196766,1.233440948,0.520156318,1760,137.459414
292,8/20/2019 0:00,4004,0.221378652,0.046237529,1.077213275,0.387492994,1020,73.295436
405,12/11/2019 0:00,3512,0.097945199,0.012880198,1.195490902,0.328506259,1290,96.761139
331,9/28/2019 0:00,3136,0.155386006,0.044811118,0.887235503,0.256669988,1280,90.645115
182,5/2/2019 0:00,3709,0.109596381,0.008124151,1.100861511,0.427763592,635,48.183714
526,4/10/2020 0:00,3181,0.128494731,0.029313591,0.900077294,0.197923024,1470,105.90346
409,12/15/2019 0:00,3208,0.085549158,0.004428202,1.12013029,0.192928318,1290,92.541804
110,2/19/2019 0:00,3457,0.040813401,0.127492197,1.060471256,0.355626829,606,43.60527
966,6/24/2021 0:00,5409,0.252954981,0.171299992,1.380862733,0.107345706,1990,107.438013
622,7/15/2020 0:00,4507,0.051461572,0.019854442,1.313624087,0.502061406,1730,122.915681
594,6/17/2020 0:00,4474,0.053541284,0.035834405,1.271521826,0.37916485,1580,110.570812
464,2/8/2020 0:00,3525,0.170124296,0.019756463,1.116522115,0.308485396,1550,110.600817
998,7/26/2021 0:00,4044,0.421512109,0.059455686,1.147170953,0.483869963,1370,100.202534
736,11/6/2020 0:00,4575,0.188365251,0.173696031,1.272637765,0.628244691,1680,117.295046
261,7/20/2019 0:00,2960,0.261348659,0.076094435,1.047570593,0.278457993,906,62.180292
332,9/29/2019 0:00,3318,0.127482912,0.023364479,0.899054971,0.194617612,1280,91.035501
532,4/16/2020 0:00,3853,0.116932641,0.027520663,1.111490403,0.393716136,1470,118.816055
548,5/2/2020 0:00,3675,0.163598452,0.058127517,1.341512074,0.531279193,1600,112.083216
843,2/21/2021 0:00,4606,0.701521506,0.224836893,1.445759092,0.878201096,2170,151.777618
137,3/18/2019 0:00,3109,0.047716739,0.025362189,0.926942733,0.348072492,607,44.692661
578,6/1/2020 0:00,4259,0.056209708,0.023322411,1.269376455,0.49552843,1510,102.234702
715,10/16/2020 0:00,4329,0.093710588,0.027307596,1.21563509,0.574556268,1930,142.52652
867,3/17/2021 0:00,5843,0.659414877,0.286624272,1.292900154,0.672446596,2140,156.579037
767,12/7/2020 0:00,4145,0.194383145,0.029859079,1.202576087,0.628202653,1920,132.914894
643,8/5/2020 0:00,4682,0.081322573,0.030654851,1.267972853,0.491310643,1680,122.154895
621,7/14/2020 0:00,4674,0.05743155,0.016688565,1.259092438,0.497415457,1730,123.224186
29,11/30/2018 0:00,4037,0.009737246,0.170083338,1.209791366,0.233547674,665,40.633463
165,4/15/2019 0:00,4112,0.068154722,0.033495607,1.22713911,0.41424768,639,45.082049
248,7/7/2019 0:00,3311,0.231881721,0.019003566,0.956807588,0.213168711,793,65.307453
876,3/26/2021 0:00,5674,0.594491172,0.244109496,1.318635669,0.726542941,2190,166.720074
354,10/21/2019 0:00,3453,0.159664574,0.020514751,1.00909334,0.367009715,1300,95.055454
985,7/13/2021 0:00,3868,0.321293557,0.052668333,1.159622037,0.377765149,1440,96.592631
969,6/27/2021 0:00,6242,0.111222233,0.113161434,1.424897492,0.400969982,1990,99.935754
432,1/7/2020 0:00,3251,0.171902719,0.027988301,0.948405778,0.387010338,1380,105.477457
757,11/27/2020 0:00,4357,0.176433149,0.265897346,1.285159448,0.488002117,1760,137.334451
650,8/12/2020 0:00,4419,0.106193615,0.070882664,1.300253535,0.552410164,1690,122.886224
700,10/1/2020 0:00,5118,0.062907075,0.02037382,1.300792403,0.392394283,1930,141.825918
65,1/5/2019 0:00,2390,0.044841511,0.084707694,0.812945822,0.117346017,562,41.263555
884,4/3/2021 0:00,5249,0.654122147,0.145037956,1.31216216,0.827456872,2310,165.320614
1085,10/21/2021 0:00,4907,0.743527864,0.197253617,1.512783581,0.381260509,2010,144.953486
993,7/21/2021 0:00,3827,0.316971907,0.097524489,1.092054917,0.291360466,1370,102.600065
254,7/13/2019 0:00,3591,0.211152515,0.062501535,1.048582589,0.252804073,906,65.236286
992,7/20/2021 0:00,4498,0.251051468,0.063870674,1.286061041,0.423070935,1370,104.62622
312,9/9/2019 0:00,3623,0.191956055,0.011921167,1.089865103,0.352567416,1080,84.070181
448,1/23/2020 0:00,3124,0.165584026,0.011616554,1.039634667,0.349198169,1480,111.334855
221,6/10/2019 0:00,4058,0.154317199,0.015731605,1.150810567,0.462374665,746,53.981196
235,6/24/2019 0:00,3951,0.278344051,0.021049187,1.215810192,0.543702124,741,56.406072
570,5/24/2020 0:00,3607,0.034702334,0.013957372,1.41277356,0.457281871,1510,90.689769
584,6/7/2020 0:00,2892,0.06826535,0.015367977,0.861702465,0.522147661,1370,111.435315
305,9/2/2019 0:00,3659,0.197352023,0.006255139,1.055764356,0.342255714,1080,76.949688
785,12/25/2020 0:00,4267,0.25329934,0.10084619,1.285844181,0.633606838,1870,135.900227
630,7/23/2020 0:00,4744,0.062717009,0.024596999,1.293743603,0.463863113,1730,113.943059
1033,8/30/2021 0:00,4220,0.483950981,0.050459638,1.178416407,0.629104129,1760,131.124515
249,7/8/2019 0:00,3638,0.308607538,0.01333843,1.064795584,0.486281684,793,65.363802
652,8/14/2020 0:00,4297,0.119770627,0.04305613,1.264694557,0.532446908,1690,125.375834
883,4/2/2021 0:00,5567,0.696330874,0.113298015,1.314276629,0.706206016,2310,163.507251
71,1/11/2019 0:00,3300,0.02838478,0.138867375,0.983164703,0.274848976,562,43.211996
94,2/3/2019 0:00,3086,0.018242624,0.015292015,0.93550021,0.123759108,581,42.24987
33,12/4/2018 0:00,3195,0.031385668,0.130687725,1.083459616,0.284681136,565,37.757484
695,9/26/2020 0:00,3722,0.080692792,0.032947397,1.312045573,0.662531918,1930,136.694669
259,7/18/2019 0:00,5458,0.14921558,0.102566293,1.261034248,0.433046335,906,65.656209
204,5/24/2019 0:00,4648,0.161133391,0.039684385,1.254131843,0.520146976,670,52.65611
440,1/15/2020 0:00,3476,0.160598676,0.093660365,1.065171907,0.381378838,1480,102.912017
668,8/30/2020 0:00,4155,0.070105159,0.007163524,1.310540197,0.629484026,1760,125.523153
946,6/4/2021 0:00,4754,0.367741213,0.130623198,1.290167015,0.475118328,2100,152.576709
77,1/17/2019 0:00,3540,0.01621798,0.066902416,1.097214181,0.237838637,588,40.378612
84,1/24/2019 0:00,2861,0.035736986,0.056464517,0.911348741,0.249620103,588,40.991036
390,11/26/2019 0:00,4175,0.086093528,0.07114352,1.254087262,0.414928069,1300,90.238982
82,1/22/2019 0:00,3396,0.015598027,0.055377266,1.055254915,0.217970356,588,40.531402
588,6/11/2020 0:00,3400,0.090152403,0.042063093,1.382471195,0.300228872,1370,114.994338
590,6/13/2020 0:00,3290,0.06563548,0.033773697,1.067535646,0.581430217,1370,115.951098
936,5/25/2021 0:00,5102,0.369658791,0.318088158,1.359462618,0.476913496,2500,143.71638
601,6/24/2020 0:00,4168,0.052022246,0.024287353,1.288159849,0.368122937,1580,110.749704
848,2/26/2021 0:00,5754,0.565898646,0.281186715,1.293684331,0.681835025,2170,156.295152
518,4/2/2020 0:00,3502,0.110618397,0.045110373,1.115204471,0.263870897,1390,104.989802
587,6/10/2020 0:00,3674,0.075949054,0.040368746,1.080857506,0.35964844,1370,113.943905
5,11/6/2018 0:00,3426,0.075780682,0.042885878,1.072038438,0.325748895,718,53.157631
310,9/7/2019 0:00,3371,0.204321674,0.058381254,0.92503502,0.252502024,1080,81.911711
531,4/15/2020 0:00,3414,0.131013629,0.025776069,1.176886651,0.419314006,1470,115.878649
104,2/13/2019 0:00,3419,0.030587119,0.043730192,1.153285621,0.367683876,606,44.492827
97,2/6/2019 0:00,3039,0.030716142,0.015691836,1.050370409,0.268628947,581,42.324946
939,5/28/2021 0:00,5094,0.334092813,0.146537843,1.343872412,0.450256897,2500,148.163051
501,3/16/2020 0:00,4194,0.042688771,0.055457926,1.193453008,0.259017874,1660,108.109035
314,9/11/2019 0:00,3021,0.256016196,0.026466209,0.953451777,0.384151772,1080,85.217636
490,3/5/2020 0:00,3302,0.184039296,0.014105453,0.999121178,0.453973345,1550,119.877989
780,12/20/2020 0:00,3897,0.256412087,0.127301963,1.344026093,0.735841066,1870,136.823648
1001,7/29/2021 0:00,3878,0.479900753,0.196816156,1.022161838,0.255823006,1370,104.086353
281,8/9/2019 0:00,3911,0.240466444,0.058660228,1.156579728,0.393473252,999,74.960524
711,10/12/2020 0:00,4091,0.090700733,0.011002876,1.184181315,0.67409541,1930,138.141089
266,7/25/2019 0:00,3725,0.197854754,0.057660502,1.133330787,0.402486455,901,64.609474
543,4/27/2020 0:00,4081,0.123573337,0.018185972,1.179406794,0.575686616,1600,111.554967
238,6/27/2019 0:00,4897,0.251879552,0.1567091,1.233317704,0.597708165,787,57.195337
411,12/17/2019 0:00,3569,0.098737391,0.020783394,1.314409858,0.38484773,1290,91.170137
145,3/26/2019 0:00,4260,0.028001934,0.034258608,1.207859007,0.331383509,638,47.277877
1010,8/7/2021 0:00,3044,0.545438254,0.136781703,0.791597707,0.492528181,1450,110.879829
604,6/27/2020 0:00,3758,0.044942179,0.036756489,1.105369536,0.484073924,1580,115.233498
118,2/27/2019 0:00,3766,0.028280072,0.032249021,1.125122057,0.326368562,607,42.855236
922,5/11/2021 0:00,4859,0.793857164,0.27725218,1.349528221,0.688536152,2060,178.111649
566,5/20/2020 0:00,4729,0.054885131,0.064076578,1.327850148,0.386208507,1520,94.810873
250,7/9/2019 0:00,3958,0.273745256,0.079737341,1.155262513,0.487306159,859,67.335985
1083,10/19/2021 0:00,4561,0.756739897,0.2300121,1.302747961,0.596618297,2010,144.403298
285,8/13/2019 0:00,4022,0.247303549,0.01866806,1.189568873,0.399031575,999,73.747045
449,1/24/2020 0:00,3137,0.156433544,0.036207003,1.032869612,0.235398891,1480,111.334855
9,11/10/2018 0:00,2983,0.081713921,0.060533417,0.955554313,0.215673849,718,47.652507
845,2/23/2021 0:00,6114,0.580370995,0.600094149,1.298336512,0.789308401,2170,148.383786
196,5/16/2019 0:00,4727,0.158609143,0.081702736,1.245267137,0.579304976,670,49.070691
704,10/5/2020 0:00,4203,0.080049171,0.001939781,1.199752821,0.605439995,1930,136.460935
370,11/6/2019 0:00,3873,0.147046047,0.022836095,1.273832242,0.387950738,1370,91.784738
81,1/21/2019 0:00,3103,0.029302182,0.059689529,0.943183713,0.216858691,588,40.467001
819,1/28/2021 0:00,5045,0.362424736,0.380937154,1.315946407,0.610235411,2080,148.549581
572,5/26/2020 0:00,4371,0.040013156,0.03983207,1.307555581,0.437337298,1510,90.293242
721,10/22/2020 0:00,5021,0.118119188,0.145736315,1.283932423,0.369402753,2000,137.413336
239,6/28/2019 0:00,4412,0.281710488,0.125605741,1.255488209,0.653448652,793,57.552683
530,4/14/2020 0:00,3213,0.131398858,0.04570406,0.988374018,0.507177555,1470,114.921002
211,5/31/2019 0:00,5221,0.122663696,0.084095197,1.291766803,0.449191941,746,53.517351
830,2/8/2021 0:00,4775,0.58279141,0.152234091,1.386773296,0.756719811,2140,158.947631
881,3/31/2021 0:00,5565,0.781824063,0.151608376,1.345339949,0.613708974,2190,164.128361
558,5/12/2020 0:00,4305,0.05673637,0.157559675,1.279955788,0.441773058,1610,121.087435
227,6/16/2019 0:00,4076,0.143225339,0.02695349,1.175121715,0.327229557,741,55.195585
989,7/17/2021 0:00,3137,0.316755287,0.062460747,0.784945664,0.407468705,1430,101.59056
602,6/25/2020 0:00,4155,0.050822865,0.048308198,1.253759667,0.29587096,1580,110.861799
465,2/9/2020 0:00,3083,0.199733991,0.01585161,0.951914072,0.337399577,1550,109.282833
919,5/8/2021 0:00,4303,0.834537396,0.188515925,1.310903526,0.847782898,2060,175.207666
177,4/27/2019 0:00,4045,0.058875561,0.100788854,1.170310445,0.234673351,635,45.158439
1051,9/17/2021 0:00,4275,0.534187068,0.075810765,1.224006599,0.522457495,1840,135.482517
628,7/21/2020 0:00,4909,0.046999601,0.010933103,1.290345384,0.670019306,1730,115.544421
493,3/8/2020 0:00,2974,0.168446421,0.010691884,0.869396677,0.460674472,1550,123.287363
673,9/4/2020 0:00,4857,0.077548034,0.106106057,1.300009081,0.564552843,1760,126.308447
430,1/5/2020 0:00,2895,0.142211798,0.007834688,0.790838368,0.330922651,1380,105.793195
682,9/13/2020 0:00,3250,0.084392767,0.010258279,0.938489469,0.680374603,1730,135.233596
567,5/21/2020 0:00,4399,0.063356869,0.065089171,1.295657931,0.230983372,1510,93.625665
7,11/8/2018 0:00,3551,0.069349719,0.075410286,1.169965612,0.292526624,718,50.150957
1031,8/28/2021 0:00,3732,0.516348401,0.091303689,0.933237397,0.53914025,1760,130.869363
155,4/5/2019 0:00,4062,0.077607208,0.142413566,1.240968854,0.502002242,638,45.302144
852,3/2/2021 0:00,5381,0.607919003,0.297582502,1.309441853,0.772691038,2170,154.118956
357,10/24/2019 0:00,3639,0.104993387,0.061877446,1.091473233,0.319382512,1370,101.132725
696,9/27/2020 0:00,3394,0.080083487,0.007309669,1.01567023,0.681981379,1930,138.914906
223,6/12/2019 0:00,4725,0.124156936,0.029627433,1.260088069,0.45436414,746,55.411512
329,9/26/2019 0:00,3309,0.178469262,0.076934966,0.970737503,0.380802765,1200,89.338228
583,6/6/2020 0:00,2681,0.10344345,0.036192299,0.793185082,0.520909884,1370,109.091787
525,4/9/2020 0:00,3314,0.12680389,0.037335949,1.069383357,0.25584636,1470,104.926818
900,4/19/2021 0:00,6980,0.563052527,0.558955303,1.305400649,0.697085383,2360,150.787955
435,1/10/2020 0:00,3639,0.144026021,0.026192729,1.120475946,0.310493866,1380,108.770686
732,11/2/2020 0:00,5369,0.082589485,0.017842124,1.326538305,0.652502024,2000,108.779984
720,10/21/2020 0:00,4866,0.091323495,0.045004611,1.297150062,0.541187644,2000,139.371646
629,7/22/2020 0:00,4796,0.067523034,0.028225082,1.260738632,0.481685558,1730,113.203969
481,2/25/2020 0:00,3624,0.174238571,0.028707964,1.064563583,0.433514978,1550,110.625513
850,2/28/2021 0:00,4581,0.473202327,0.118259441,1.364487969,0.825998007,2170,156.124508
1050,9/16/2021 0:00,4741,0.487132531,0.068121003,1.506390096,0.298094289,1840,135.613292
823,2/1/2021 0:00,5757,0.33679089,0.105065416,1.313160675,0.91160553,2080,150.835174
934,5/23/2021 0:00,4641,0.321532996,0.202286315,1.37997195,0.516075543,2500,145.139315
613,7/6/2020 0:00,4028,0.064989833,0.008004882,1.227644104,0.619732827,1580,123.413264
1035,9/1/2021 0:00,4757,0.490014448,0.074671457,1.256872029,0.412036806,1760,127.249993
677,9/8/2020 0:00,4277,0.079590941,0.040364033,1.249473174,0.571549791,1730,128.038751
951,6/9/2021 0:00,4593,0.3233589,0.275584284,1.067569262,0.427242013,2100,150.516054
773,12/13/2020 0:00,3610,0.198594486,0.047251142,1.174223994,0.686681821,1910,131.826543
163,4/13/2019 0:00,3959,0.056236778,0.068625899,1.107431615,0.230827676,639,46.112957
228,6/17/2019 0:00,4924,0.15911088,0.083968039,1.233756692,0.495677897,741,54.248596
482,2/26/2020 0:00,3843,0.145186636,0.028035657,1.163531007,0.417696332,1550,109.924844
844,2/22/2021 0:00,5532,0.638877697,0.154864846,1.334959,0.810275892,2170,150.85001
212,6/1/2019 0:00,3907,0.169970903,0.047226714,1.244086252,0.417649623,746,52.430641
886,4/5/2021 0:00,4724,0.762148698,0.06917303,1.40872141,0.702987793,2310,161.456162
79,1/19/2019 0:00,3138,0.022358316,0.053004423,0.95912206,0.140021486,588,39.32194
148,3/29/2019 0:00,4070,0.041597673,0.014894937,1.233981333,0.395162546,638,46.111636
302,8/30/2019 0:00,3606,0.198121197,0.041731166,1.0054113,0.36347076,1020,76.3675
950,6/8/2021 0:00,4332,0.357778116,0.139778238,1.286348819,0.47625179,2100,149.469766
442,1/17/2020 0:00,3144,0.17371608,0.027815599,0.968857566,0.281719811,1480,106.142031
589,6/12/2020 0:00,3656,0.068865464,0.093617994,1.355473221,0.461781466,1370,117.511415
528,4/12/2020 0:00,2713,0.114998838,0.01077749,0.80040198,0.425896805,1470,110.999327
43,12/14/2018 0:00,3056,0.017425453,0.104526141,1.05868513,0.240399826,565,34.844946
887,4/6/2021 0:00,5756,0.717815905,0.118777372,1.343027368,0.846143427,2310,163.641577
133,3/14/2019 0:00,3301,0.038857958,0.042410862,1.043826619,0.375040481,607,42.333452
855,3/5/2021 0:00,5329,0.597960356,0.238831273,1.323912208,0.643618048,2170,151.187765
495,3/10/2020 0:00,4033,0.114461527,0.062439714,1.299547803,0.339311515,1660,121.936056
582,6/5/2020 0:00,3360,0.091469709,0.049795943,1.042586804,0.490771937,1370,105.288528
311,9/8/2019 0:00,2630,0.251348267,0.012574297,0.70717213,0.197231737,1080,81.381519
408,12/14/2019 0:00,2987,0.121281548,0.008624475,0.902877417,0.257093479,1290,92.907582
552,5/6/2020 0:00,3977,0.211178275,0.049739008,1.210363383,0.561691163,1610,119.472293
707,10/8/2020 0:00,3997,0.098247587,0.024416998,1.22370558,0.360221399,1930,135.725586
554,5/8/2020 0:00,4487,0.180188418,0.15009427,1.274328599,0.407426667,1610,122.164633
911,4/30/2021 0:00,4893,0.724755876,0.175012668,1.388769759,0.678920409,2360,157.586132
973,7/1/2021 0:00,6221,0.23595045,0.120488165,1.392820968,0.244943016,1990,89.036245
0,11/1/2018 0:00,2851,0.102640914,0.065511434,0.979455208,0.303509373,718,51.977956
422,12/28/2019 0:00,3140,0.119621486,0.014673453,0.889533174,0.217321106,1290,96.827573
360,10/27/2019 0:00,3609,0.122016261,0.199559798,1.102331948,0.200278695,1370,99.339895
382,11/18/2019 0:00,3376,0.136370977,0.005492105,1.019047664,0.311972971,1270,94.847234
316,9/13/2019 0:00,3497,0.198351246,0.028257981,1.069618267,0.368733263,1100,88.354012
1046,9/12/2021 0:00,3252,0.505965561,0.033991594,0.835119109,0.535565485,1840,134.785023
817,1/26/2021 0:00,4460,0.40451579,0.220598865,1.360394143,0.901226879,2080,146.182104
634,7/27/2020 0:00,4278,0.085195012,0.045611004,1.28513553,0.591444541,1730,124.043957
781,12/21/2020 0:00,4351,0.246756623,0.087229386,1.3453685,0.512486766,1870,135.635056
615,7/8/2020 0:00,4258,0.060955737,0.022062391,1.247866834,0.453274273,1580,125.990398
1049,9/15/2021 0:00,4390,0.508045074,0.074257528,1.331678662,0.391975462,1840,135.601927
506,3/21/2020 0:00,3657,0.068966529,0.112828475,1.108333782,0.309706047,1660,94.627786
172,4/22/2019 0:00,4102,0.062836471,0.048766756,1.142223119,0.293560441,635,46.358031
450,1/25/2020 0:00,2609,0.16528083,0.024709335,0.853311744,0.185923585,1480,110.600318
125,3/6/2019 0:00,3678,0.022806601,0.079920377,1.235649305,0.334545681,607,43.852038
551,5/5/2020 0:00,3785,0.180332579,0.05092039,1.204144266,0.6009404,1610,118.883007
984,7/12/2021 0:00,4253,0.30753583,0.034863097,1.177102119,0.408983621,1440,97.204622
753,11/23/2020 0:00,4180,0.176737576,0.079143729,1.229474912,0.66402815,1760,141.076183
1032,8/29/2021 0:00,2943,0.581197582,0.032305625,0.849401571,0.579888834,1760,129.727331
90,1/30/2019 0:00,3488,0.016130358,0.031557597,1.074707971,0.237592639,581,42.667171
1054,9/20/2021 0:00,3767,0.553952598,0.034812394,1.214339067,0.517925204,1840,139.53653
181,5/1/2019 0:00,3739,0.096395645,0.01268431,1.126911234,0.397471508,635,47.822788
363,10/30/2019 0:00,3701,0.149242968,0.045663904,1.099223104,0.353067198,1370,92.695123
541,4/25/2020 0:00,3803,0.110764201,0.033096067,1.239612485,0.497753316,1600,113.010798
274,8/2/2019 0:00,3482,0.237742568,0.046851698,1.033215941,0.421987295,901,71.4364
807,1/16/2021 0:00,4801,0.443146705,0.369301254,1.31976832,0.697203712,2060,153.019188
251,7/10/2019 0:00,4817,0.223061069,0.106956442,1.270236891,0.477461543,906,67.824438
69,1/9/2019 0:00,2881,0.051008772,0.086347843,0.884137811,0.238565735,562,42.653392
291,8/19/2019 0:00,3304,0.236350712,0.01648302,0.93890562,0.322951049,1020,70.938762
131,3/12/2019 0:00,3405,0.032069154,0.028792335,1.004161133,0.346373856,607,42.296166
300,8/28/2019 0:00,3618,0.193608568,0.024397675,1.038467139,0.336138444,1020,73.547109
549,5/3/2020 0:00,3099,0.198179246,0.027342148,1.19645581,0.532741172,1600,113.443174
326,9/23/2019 0:00,4717,0.132183236,0.010777427,1.243719526,0.365200536,1190,94.235786
144,3/25/2019 0:00,3506,0.037695091,0.007381722,1.056967818,0.342967242,638,47.511943
730,10/31/2020 0:00,5149,0.114897151,0.07585445,1.279690805,0.649705736,2000,113.182308
893,4/12/2021 0:00,5156,0.72836411,0.091537882,1.345640743,1,2310,171.703706
743,11/13/2020 0:00,4595,0.150524409,0.143072822,1.276639295,0.577867908,1680,128.278422
135,3/16/2019 0:00,2609,0.050718621,0.085714288,0.788659847,0.246278881,607,43.18937
338,10/5/2019 0:00,3199,0.155104398,0.021297425,0.885488658,0.265177181,1280,91.519572
1048,9/14/2021 0:00,3634,0.593376328,0.117769367,1.037876732,0.533228498,1840,132.770954
164,4/14/2019 0:00,4036,0.044489749,0.025638916,1.196266385,0.186747213,639,45.944646
28,11/29/2018 0:00,3873,0.013999245,0.239900616,1.202130114,0.235434701,665,41.436683
920,5/9/2021 0:00,3620,0.884686218,0.157125404,1.360895032,0.844999066,2060,177.526237
193,5/13/2019 0:00,3836,0.155975922,0.130264022,1.203409635,0.527206203,670,47.262072
1084,10/20/2021 0:00,4536,0.755915548,0.179686931,1.179138664,0.446882979,2010,147.578458
740,11/10/2020 0:00,4299,0.156187575,0.115858655,1.225739374,0.584799464,1680,128.39593
433,1/8/2020 0:00,3497,0.13540542,0.05850152,1.063490894,0.378647942,1380,109.390649
644,8/6/2020 0:00,4562,0.120582593,0.04949871,1.277008282,0.396068693,1680,119.881689
169,4/19/2019 0:00,4330,0.077680487,0.060789048,1.212485171,0.44681136,639,44.71885
581,6/4/2020 0:00,3859,0.067514293,0.03254447,1.236471563,0.276214424,1450,103.847237
140,3/21/2019 0:00,3442,0.03605422,0.038576266,1.039646357,0.351220651,607,47.968111
173,4/23/2019 0:00,4652,0.051273202,0.076805615,1.255767388,0.371134085,635,45.820575
6,11/7/2018 0:00,3461,0.082245484,0.063277517,1.144160846,0.331363268,718,51.832814
901,4/20/2021 0:00,6458,0.759388163,0.253779832,1.329866672,0.753879928,2360,143.371615
666,8/28/2020 0:00,4187,0.110419723,0.040003718,1.302147368,0.548235972,1760,122.017802
754,11/24/2020 0:00,5095,0.172398311,0.10069113,1.271609338,0.636976085,1760,140.083639
491,3/6/2020 0:00,3422,0.177706418,0.030610224,1.073488897,0.337485209,1550,121.637666
73,1/13/2019 0:00,2942,0.021188006,0.053129892,0.853370891,0.096666563,562,42.174589
1038,9/4/2021 0:00,3600,0.58913393,0.107122553,0.886053858,0.549246435,1760,126.343503
234,6/23/2019 0:00,3543,0.275224245,0.058419273,1.179403409,0.445347823,741,53.722575
214,6/3/2019 0:00,4728,0.128628456,0.017358698,1.256748504,0.374020676,746,52.847618
765,12/5/2020 0:00,4132,0.184962128,0.080017803,1.342303167,0.66493274,1920,133.409748
132,3/13/2019 0:00,3462,0.026102288,0.058004682,1.163580696,0.320486392,607,42.034451
597,6/20/2020 0:00,3886,0.04729991,0.026637636,1.107477416,0.613587532,1580,105.926967
760,11/30/2020 0:00,5047,0.132676617,0.052705909,1.31850177,0.727895933,1920,131.30977
185,5/5/2019 0:00,4416,0.065219352,0.030089349,1.196308186,0.234310581,670,50.041435
41,12/12/2018 0:00,3386,0.006539737,0.08892306,1.1335625,0.201080526,565,35.406314
108,2/17/2019 0:00,2912,0.033354342,0.021414925,0.881877836,0.129289406,606,42.190406
697,9/28/2020 0:00,4557,0.064432471,0.007797183,1.244179667,0.575787818,1930,140.454294
533,4/17/2020 0:00,4167,0.091622492,0.072841667,1.286230614,0.273662577,1470,118.816055
808,1/17/2021 0:00,4484,0.361170499,0.208302264,1.324590684,0.693938781,2060,155.416163
483,2/27/2020 0:00,3559,0.155420322,0.057327149,1.102625776,0.468870275,1550,109.315034
468,2/12/2020 0:00,3765,0.186698289,0.052014829,1.1479745,0.463841315,1550,109.340676
24,11/25/2018 0:00,3042,0.020150441,0.183362613,1.010554047,0.156333686,665,41.389435
542,4/26/2020 0:00,3396,0.115147768,0.007899187,1.072414613,0.52134116,1600,111.912719
557,5/11/2020 0:00,3827,0.165574808,0.16150251,1.283646981,0.482242947,1610,121.037812
614,7/7/2020 0:00,4035,0.068348562,0.027903957,1.103862236,0.578570094,1580,124.421542
802,1/11/2021 0:00,4904,0.437464904,0.438911836,1.3372515,0.76600548,2060,151.089413
366,11/2/2019 0:00,3409,0.150790654,0.025911573,0.989604157,0.252087874,1370,89.256768
679,9/10/2020 0:00,4521,0.088411341,0.027790241,1.333325968,0.358458928,1730,128.329211
383,11/19/2019 0:00,3502,0.144789924,0.022945475,1.143817435,0.390960329,1270,93.853596
454,1/29/2020 0:00,3175,0.188342908,0.051215743,1.004575063,0.405014947,1550,110.086946
264,7/23/2019 0:00,3691,0.186777078,0.057537826,1.103765105,0.344616055,903,65.527472
620,7/13/2020 0:00,3994,0.056210317,0.005444122,1.143550707,0.621191692,1660,123.188121
790,12/30/2020 0:00,4435,0.387121275,0.176566781,1.25657489,0.62527091,1860,135.214015
444,1/19/2020 0:00,2888,0.162837728,0.015071773,0.874760193,0.346660335,1480,106.10441
395,12/1/2019 0:00,3062,0.109384172,0.016724614,0.870622964,0.246112287,1300,86.785526
176,4/26/2019 0:00,4275,0.073066302,0.101353297,1.255490709,0.441318428,635,45.246724
18,11/19/2018 0:00,3402,0.050277078,0.060107366,1.100711952,0.24931027,665,45.715818
925,5/14/2021 0:00,5469,0.542824727,0.474480362,1.315543037,0.582551224,2500,180.666398
660,8/22/2020 0:00,4491,0.084680481,0.040592342,1.318342846,0.572784455,1690,121.798512
61,1/1/2019 0:00,2306,0.031063904,0.07707983,0.801778946,0,562,40.988643
272,7/31/2019 0:00,3366,0.225273301,0.028511609,1.007365485,0.410540574,901,69.900134
1019,8/16/2021 0:00,3665,0.573406668,0.067380461,1.105397012,0.47178022,1560,116.988411
278,8/6/2019 0:00,3714,0.259228539,0.105935145,1.145295174,0.478763156,999,71.750337
803,1/12/2021 0:00,4970,0.448550592,0.951560357,1.324212047,0.775616554,2060,150.775619
368,11/4/2019 0:00,3824,0.149324207,0.006836561,1.165071561,0.372099396,1370,90.909671
717,10/18/2020 0:00,3936,0.057154697,0.002770454,1.083029592,0.587021237,2000,146.484944
665,8/27/2020 0:00,5131,0.079775735,0.024933965,1.26882631,0.381389737,1760,123.504835
631,7/24/2020 0:00,4319,0.081375523,0.045159981,1.314238963,0.592844242,1730,113.943059
547,5/1/2020 0:00,4454,0.171004389,0.143503831,1.250539879,0.378269602,1600,112.423206
816,1/25/2021 0:00,4860,0.377067059,0.10640207,1.380525043,0.711561936,2080,146.698958
851,3/1/2021 0:00,5514,0.527737259,0.220608898,1.347932731,0.68917606,2170,154.581776
456,1/31/2020 0:00,3574,0.163882299,0.047261006,1.109039125,0.332661767,1550,111.739681
393,11/29/2019 0:00,3635,0.12550057,0.023493518,1.055517757,0.364077972,1300,90.747073
737,11/7/2020 0:00,3869,0.151860905,0.124178094,1.359237363,0.583502522,1680,119.772222
777,12/17/2020 0:00,5407,0.234052301,0.216989679,1.299902845,0.51176434,1870,132.373209
375,11/11/2019 0:00,3336,0.161772271,0.010327197,1.00362904,0.313808619,1270,92.339819
412,12/18/2019 0:00,3748,0.093086807,0.025513861,1.152717164,0.389493679,1290,90.530026
74,1/14/2019 0:00,3212,0.027418879,0.045894532,0.956647966,0.226158373,586,42.014988
1015,8/12/2021 0:00,3807,0.506753833,0.104743313,1.030409874,0.256163978,1450,114.064181
500,3/15/2020 0:00,3396,0.045513116,0.042191734,1.113644857,0.359316809,1660,111.497389
649,8/11/2020 0:00,4519,0.109928475,0.060947881,1.285126143,0.694078906,1690,121.699817
114,2/23/2019 0:00,3324,0.033423251,0.041683886,0.982793762,0.204202217,606,44.380092
417,12/23/2019 0:00,3325,0.120407255,0.014966131,1.037491643,0.284869527,1290,99.947586
89,1/29/2019 0:00,3322,0.022487697,0.061255317,1.010222788,0.265588217,581,42.07049
1041,9/7/2021 0:00,4155,0.603995018,0.10120041,1.140718497,0.514350439,1760,133.723965
999,7/27/2021 0:00,3330,0.476245755,0.303073989,1.092558159,0.497887214,1370,98.260624
706,10/7/2020 0:00,4707,0.086448005,0.024772844,1.278854629,0.499878558,1930,136.429166
713,10/14/2020 0:00,4280,0.091896975,0.029111844,1.136457477,0.430685994,1930,144.308102
11,11/12/2018 0:00,3300,0.089238511,0.039242119,1.066877571,0.311736314,718,47.244349
396,12/2/2019 0:00,3425,0.116275259,0.019955898,1.019306228,0.377025596,1300,87.522558
616,7/9/2020 0:00,4036,0.074926958,0.030235958,1.267096006,0.335883104,1580,124.757396
917,5/6/2021 0:00,4895,0.821034312,0.236944277,1.361765376,0.591849349,2060,169.868526
42,12/13/2018 0:00,3165,0.015379778,0.086818614,1.084257023,0.200688173,565,35.005337
167,4/17/2019 0:00,4036,0.066389901,0.057000103,1.229380333,0.382322352,639,45.536047
416,12/22/2019 0:00,2506,0.141330222,0,0.740650195,0.324654356,1290,95.746473
576,5/30/2020 0:00,3338,0.069486093,0.03748469,1.245524103,0.511121318,1510,94.602038
875,3/25/2021 0:00,5385,0.678715939,0.285720948,1.316496,0.496788005,2190,165.959097
426,1/1/2020 0:00,2278,0.148869301,0.007076983,0.643639402,0.257428224,1300,97.011481
544,4/28/2020 0:00,3901,0.137973665,0.029447393,1.215701039,0.587399577,1600,110.710038
1027,8/24/2021 0:00,3926,0.579817513,0.101762911,1.135454006,0.481553217,1560,127.262693
1067,10/3/2021 0:00,3545,0.53995326,0.050164111,0.9103214,0.541246808,1900,145.029458
792,1/1/2021 0:00,3926,0.323173775,0.183497104,1.352232664,0.843163418,1860,142.734577
714,10/15/2020 0:00,4586,0.09466196,0.021648618,1.261410596,0.315074422,1930,144.034012
257,7/16/2019 0:00,3956,0.231545203,0.09749324,1.098875278,0.444711029,906,64.362436
335,10/2/2019 0:00,3472,0.149885477,0.045752048,1.005967926,0.350881236,1280,91.195824
15,11/16/2018 0:00,3791,0.056176796,0.252430915,1.158173595,0.347504204,718,47.244349
731,11/1/2020 0:00,4463,0.115366705,0.05333138,1.246865936,0.618308214,2000,107.643901
324,9/21/2019 0:00,3220,0.217379043,0.020395579,0.884734271,0.285219842,1190,91.702566
877,3/27/2021 0:00,4446,0.722414382,0.198695007,1.298147333,0.803926636,2190,165.215304
222,6/11/2019 0:00,4554,0.136652836,0.035352801,1.258056077,0.487759233,746,55.994234
179,4/29/2019 0:00,3688,0.087113107,0.025107109,1.203267613,0.409307467,635,45.431648
99,2/8/2019 0:00,3165,0.033350488,0.010589018,0.984610681,0.321925017,581,44.2657
521,4/5/2020 0:00,2437,0.136294863,0.022017299,0.769681286,0.44925889,1390,103.936897
22,11/23/2018 0:00,3656,0.029581167,0.111188602,1.131096584,0.262972535,665,41.998858
356,10/23/2019 0:00,3257,0.164396604,0.020203005,0.978411524,0.364872018,1310,98.750516
774,12/14/2020 0:00,4391,0.183428083,0.054266654,1.171579117,0.691866476,1870,134.533588
994,7/22/2021 0:00,3614,0.36676706,0.133031853,0.949214778,0.203630815,1370,99.339155
813,1/22/2021 0:00,5270,0.360227231,0.457343839,1.283418817,0.658197359,2060,146.19656
340,10/7/2019 0:00,3382,0.146708006,0.023692208,1.005810123,0.356335243,1280,92.606933
431,1/6/2020 0:00,3720,0.111048643,0.00720185,1.12761063,0.415256586,1380,107.512956
693,9/24/2020 0:00,4673,0.069685284,0.031297417,1.258397307,0.355762284,1930,136.974413
962,6/20/2021 0:00,4106,0.252649309,0.100754902,1.262359057,0.448983309,1990,125.129903
203,5/23/2019 0:00,4357,0.156317023,0.043355761,1.226995165,0.498393224,670,52.082203
941,5/30/2021 0:00,3238,0.378362737,0.136716498,1.499183174,0.550748895,2120,149.763852
93,2/2/2019 0:00,3237,0.021970901,0.02981024,0.981337799,0.168235038,581,42.571474
1004,8/1/2021 0:00,2917,0.479532834,0.064995398,0.772602162,0.431321231,1450,108.889829
68,1/8/2019 0:00,2764,0.056661899,0.091423142,0.86793,0.241273276,562,41.855387
724,10/25/2020 0:00,4283,0.075906805,0.014069641,1.373567197,0.474685495,2000,133.347788
284,8/12/2019 0:00,3891,0.200891216,0.025036351,1.035999226,0.232671109,999,74.359558
927,5/16/2021 0:00,4488,0.490592206,0.161437334,1.371701076,0.661234975,2500,176.179075
434,1/9/2020 0:00,3179,0.146527277,0.062718147,1.044869879,0.436745656,1380,107.202821
153,4/3/2019 0:00,4265,0.067919468,0.269710781,1.248329993,0.49253908,638,45.891072
75,1/15/2019 0:00,3460,0.020083559,0.078785994,1.065034848,0.243027963,588,42.592391
847,2/25/2021 0:00,5149,0.703602318,0.326289156,1.301001885,0.497994644,2170,153.082074
580,6/3/2020 0:00,4257,0.058467499,0.127570418,1.282827432,0.371028212,1510,103.739735
446,1/21/2020 0:00,3156,0.159481329,0.016812546,0.999786242,0.364893816,1480,108.984911
188,5/8/2019 0:00,4884,0.093570492,0.038545733,1.243073447,0.50675095,670,48.388717
271,7/30/2019 0:00,3799,0.173290271,0.02680345,1.168352,0.371624525,901,69.983819
236,6/25/2019 0:00,4868,0.229732451,0.020667982,1.245764247,0.580348135,741,58.721247
487,3/2/2020 0:00,3621,0.159341578,0.014328686,1.116271678,0.441559756,1550,114.681813
1052,9/18/2021 0:00,3521,0.571494731,0.065767906,0.955009994,0.446280438,1840,136.921038
559,5/13/2020 0:00,4727,0.041798427,0.060710948,1.296750555,0.520624961,1610,119.743045
117,2/26/2019 0:00,3464,0.042537365,0.539729101,1.092907348,0.345688796,607,42.628201
943,6/1/2021 0:00,4148,0.39164891,0.144178484,1.365650648,0.50229962,2100,148.95575
512,3/27/2020 0:00,3269,0.115814354,0.022743973,1.110375026,0.184195367,1390,97.885234
633,7/26/2020 0:00,3526,0.078410539,0.018242692,1.343587361,0.634804135,1730,120.718051
811,1/20/2021 0:00,5021,0.39242766,0.174982949,1.277115723,0.623689045,2060,150.440504
688,9/19/2020 0:00,4003,0.080936363,0.019860655,1.249747779,0.573812045,1730,143.137522
126,3/7/2019 0:00,3364,0.038693732,0.038904385,1.008441944,0.333133524,607,43.291491
116,2/25/2019 0:00,3665,0.029764226,0.118321495,1.109526161,0.298913247,607,43.134261
473,2/17/2020 0:00,3368,0.200743386,0.018971747,1.024710815,0.403517158,1550,107.216584
801,1/10/2021 0:00,4494,0.509958508,0.216634793,1.282691371,0.720053559,2060,148.690226
57,12/28/2018 0:00,2954,0.042807821,0.098614487,0.93054403,0.273360528,511,41.086086
603,6/26/2020 0:00,3715,0.069979315,0.044571419,1.186091189,0.490575761,1580,112.767411
782,12/22/2020 0:00,4848,0.255989033,0.196359315,1.302079021,0.54938656,1870,134.441786
105,2/14/2019 0:00,3583,0.025159418,0.067348524,1.111246972,0.254009155,606,44.306825
635,7/28/2020 0:00,4682,0.097618362,0.171851882,1.280557683,0.658729837,1680,124.990478
369,11/5/2019 0:00,3721,0.169322753,0.024782629,1.137513597,0.414996575,1370,90.715212
268,7/27/2019 0:00,3048,0.187638457,0.030761371,0.858096651,0.210487638,901,69.452834
46,12/17/2018 0:00,2832,0.027471841,0.067901181,0.990779437,0.24391854,565,36.488954
349,10/16/2019 0:00,3713,0.132002442,0.019377141,1.116763881,0.365784393,1300,93.734992
195,5/15/2019 0:00,4529,0.163129136,0.109634319,1.237726027,0.569541322,670,49.213477
102,2/11/2019 0:00,3194,0.02684565,0.040432462,1.09110111,0.238212306,606,44.881391
963,6/21/2021 0:00,5051,0.244486316,0.139755822,1.353235933,0.443541757,1990,120.460803
918,5/7/2021 0:00,4631,0.887307148,0.18332754,1.296296715,0.801233107,2060,174.31761
799,1/8/2021 0:00,5556,0.499187749,0.571892153,1.295011068,0.764720994,1860,149.651623
853,3/3/2021 0:00,5274,0.668574564,0.195870714,1.301007401,0.571716385,2170,156.587328
263,7/22/2019 0:00,3619,0.223331393,0.039204506,1.004485468,0.347634988,906,64.755046
869,3/19/2021 0:00,5594,0.754259725,0.235104023,1.323033318,0.734551909,2150,157.645237
443,1/18/2020 0:00,3383,0.13466174,0.046422028,0.955057818,0.259995641,1480,108.225769
783,12/23/2020 0:00,4813,0.283045157,0.128986901,1.246276935,0.49467989,1870,134.839543
304,9/1/2019 0:00,3210,0.168463572,0.004757919,0.885620448,0.177165722,1070,77.30763
341,10/8/2019 0:00,3243,0.164151378,0.037733935,0.966500944,0.350026468,1280,94.872269
849,2/27/2021 0:00,4767,0.615607011,0.332053541,1.291870166,0.778344336,2170,154.427502
313,9/10/2019 0:00,3085,0.251578488,0.03416819,0.957443978,0.396155882,1080,83.84069
149,3/30/2019 0:00,4157,0.035160896,0.045350424,1.204920209,0.317182537,638,45.832268
124,3/5/2019 0:00,3265,0.032418558,0.060321596,1.029825181,0.352962882,607,44.369466
908,4/27/2021 0:00,5023,0.695517372,0.259807337,1.316657338,0.666346453,2360,151.892265
948,6/6/2021 0:00,3074,0.39579815,0.130192312,0.948718753,0.422960391,2100,149.939088
664,8/26/2020 0:00,4629,0.088454901,0.045309698,1.302465423,0.478604347,1760,122.408097
50,12/21/2018 0:00,3293,0.031911298,0.288459067,1.048346286,0.284309024,511,38.263941
353,10/20/2019 0:00,3057,0.136654333,0.008796978,0.84529661,0.198656349,1300,94.685948
1045,9/11/2021 0:00,3648,0.500476474,0.102077603,1.082964554,0.52391636,1840,134.819727
142,3/23/2019 0:00,2797,0.035969233,0.013369796,0.840116655,0.219144298,607,47.795719
470,2/14/2020 0:00,3774,0.175166674,0.054537289,1.090330081,0.393723921,1550,108.294602
653,8/15/2020 0:00,4072,0.104244781,0.033494651,1.229856109,0.66904621,1690,127.28935
399,12/5/2019 0:00,3312,0.116344751,0.036994973,1.018665179,0.350222644,1300,95.261395
977,7/5/2021 0:00,3986,0.332622168,0.033316064,1.327586447,0.420877188,1440,89.670681
320,9/17/2019 0:00,3805,0.193311636,0.025829791,1.157712412,0.401393473,1190,91.022468
19,11/20/2018 0:00,3631,0.043135201,0.323554615,1.203740303,0.363690291,665,44.526319
933,5/22/2021 0:00,5097,0.349769112,0.446098032,1.289550336,0.514395591,2500,146.384382
912,5/1/2021 0:00,4725,0.693045146,0.207930506,1.345956439,0.719447904,2300,159.260799
932,5/21/2021 0:00,6326,0.361797008,0.468029951,1.289615355,0.518638289,2500,150.653186
407,12/13/2019 0:00,3303,0.124410307,0.015694031,0.990434309,0.370347823,1290,92.267471
537,4/21/2020 0:00,3824,0.114086204,0.039944818,1.068249134,0.5555194,1560,113.800074
924,5/13/2021 0:00,4940,0.64874145,0.285317308,1.31155523,0.458107056,2320,178.989768
722,10/23/2020 0:00,5088,0.105601077,0.066140057,1.284365397,0.420095597,2000,136.17501
38,12/9/2018 0:00,2834,0.012555724,0.150205382,0.948841625,0.084790123,565,36.22372
175,4/25/2019 0:00,4341,0.07362042,0.105768237,1.219515846,0.41580619,635,45.559737
245,7/4/2019 0:00,3805,0.277353635,0.078361057,1.139688042,0.456028523,793,62.141159
956,6/14/2021 0:00,4393,0.420560617,0.148732666,1.263461481,0.454278508,1990,133.577498
1042,9/8/2021 0:00,4436,0.491404728,0.302749046,1.125560697,0.377428847,1840,134.849799
872,3/22/2021 0:00,5032,0.713510571,0.147898048,1.357444384,0.837236096,2190,159.862384
991,7/19/2021 0:00,3081,0.384065993,0.029682294,0.913009459,0.406713583,1370,100.971806
154,4/4/2019 0:00,4129,0.068942306,0.296141415,1.2129581,0.457179112,638,45.573957
638,7/31/2020 0:00,4523,0.105599474,0.055507115,1.299889137,0.619834029,1680,126.308845
662,8/24/2020 0:00,4271,0.095077466,0.004312793,1.166158577,0.611526126,1730,119.993198
287,8/15/2019 0:00,3790,0.208424189,0.08060577,1.06614658,0.3561017,999,73.392492
625,7/18/2020 0:00,4488,0.047554818,0.014623431,1.276202185,0.546123186,1730,117.847538
685,9/16/2020 0:00,4566,0.089137737,0.034701828,1.309139768,0.488891138,1730,136.608874
703,10/4/2020 0:00,3411,0.084620327,0.001928791,1.219977316,0.704546304,1930,135.65361
569,5/23/2020 0:00,4257,0.042069108,0.035470142,1.278850555,0.459446036,1510,92.307331
861,3/11/2021 0:00,5621,0.636645267,0.313239349,1.284828902,0.66308775,2140,155.778275
17,11/18/2018 0:00,3025,0.052090373,0.051269612,0.954274699,0.130404185,665,47.353181
127,3/8/2019 0:00,3369,0.033467301,0.035041409,0.998636589,0.366586224,607,42.946539
322,9/19/2019 0:00,3758,0.194781473,0.020637237,1.104391142,0.377025596,1190,90.214468
255,7/14/2019 0:00,3391,0.205498606,0.066866797,0.952888731,0.198536464,906,64.282328
762,12/2/2020 0:00,5350,0.180442359,0.177088987,1.256613206,0.51824905,1920,131.996846
1070,10/6/2021 0:00,4821,0.52017691,0.130162633,1.196702588,0.48283926,1990,149.322866
190,5/10/2019 0:00,4931,0.080834212,0.032115866,1.259484184,0.479638164,670,46.746357
115,2/24/2019 0:00,3487,0.032489546,0.068676351,1.044065358,0.192398954,606,44.078773
1065,10/1/2021 0:00,4834,0.479677697,0.105766437,1.237001443,0.529384381,1900,140.172657
718,10/19/2020 0:00,4929,0.067681261,0.001372778,1.27557052,0.690932304,2000,144.339933
606,6/29/2020 0:00,3961,0.051600529,0.010777337,1.248924407,0.567704117,1580,115.793972
180,4/30/2019 0:00,4490,0.066296358,0.072225733,1.295070857,0.458035436,635,46.740008
301,8/29/2019 0:00,3425,0.205713835,0.056395313,0.995517388,0.366260821,1020,74.631875
1023,8/20/2021 0:00,4050,0.579863192,0.097696652,1.152746675,0.527564302,1560,122.38963
825,2/3/2021 0:00,5239,0.45645326,0.181090283,1.30181632,0.755058541,2080,146.546723
930,5/19/2021 0:00,5819,0.422382826,0.237141225,1.32228564,0.456915987,2500,160.228123
793,1/2/2021 0:00,4414,0.360792858,0.147102391,1.395637245,0.833317245,1860,143.322828
1078,10/14/2021 0:00,4840,0.623916761,0.140791409,1.33977365,0.38830728,1990,143.953931
517,4/1/2020 0:00,3315,0.102243685,0.020390514,1.11369449,0.37083515,1390,100.688108
372,11/8/2019 0:00,3974,0.133709268,0.015092928,1.165534266,0.36026655,1270,91.861271
45,12/16/2018 0:00,3067,0,0.060156813,1.019919557,0.084492745,565,37.010224
476,2/20/2020 0:00,3986,0.14173353,0.050868322,1.2488265,0.412327957,1550,111.287941
157,4/7/2019 0:00,3688,0.063559635,0.095997896,1.138896872,0.213986112,639,45.80076
862,3/12/2021 0:00,5353,0.732839418,0.265913137,1.314888067,0.736199165,2140,156.136782
171,4/21/2019 0:00,3504,0.087168878,0.038535287,1.142430407,0.181400635,636,44.58265
16,11/17/2018 0:00,2787,0.075117831,0.111188705,0.914248869,0.184530111,665,47.185786
511,3/26/2020 0:00,3249,0.119521057,0.063360748,1.135452525,0.247544685,1410,94.392686
48,12/19/2018 0:00,3151,0.032090039,0.160784659,1.084764671,0.288733886,511,38.029758
191,5/11/2019 0:00,4251,0.095507222,0.045499852,1.240594785,0.4104456,670,45.838154
971,6/29/2021 0:00,6157,0.227715317,0.104363906,1.401325167,0.346166781,1990,90.876422
515,3/30/2020 0:00,3423,0.092327658,0.024627072,1.055633204,0.364277262,1390,99.137723
788,12/28/2020 0:00,4190,0.335095904,0.251608857,1.296631931,0.778088995,1860,130.994561
1060,9/26/2021 0:00,3444,0.442584734,0.033762226,0.914658245,0.434595504,1900,138.379012
480,2/24/2020 0:00,3638,0.168348097,0.012286853,1.141280163,0.39914679,1550,112.391988
283,8/11/2019 0:00,2870,0.234893735,0.050527376,0.791410216,0.1630317,999,74.200089
1058,9/24/2021 0:00,4452,0.475543119,0.1088085,1.205603176,0.472108738,1900,138.478903
759,11/29/2020 0:00,3597,0.17689571,0.056092633,1.104827073,0.695737062,1820,133.710521
225,6/14/2019 0:00,4450,0.187804379,0.029302851,1.290370444,0.655861929,741,53.557399
26,11/27/2018 0:00,3220,0.02042209,0.239743239,1.071254038,0.236971414,665,40.869705
904,4/23/2021 0:00,5748,0.674132162,0.366907683,1.315820052,0.572747088,2360,131.796266
437,1/12/2020 0:00,2799,0.145138123,0.015703494,0.825020881,0.298125428,1380,106.320896
1059,9/25/2021 0:00,3623,0.45046429,0.179750715,0.84045934,0.483767204,1900,139.221878
364,10/31/2019 0:00,3586,0.142952366,0.0380036,1.080918621,0.303232235,1370,90.131834
229,6/18/2019 0:00,4311,0.199887264,0.066569024,1.236012356,0.602256025,741,52.929713
37,12/8/2018 0:00,2863,0.010348472,0.245613993,0.970701047,0.112770131,565,36.990084
669,8/31/2020 0:00,4140,0.099660911,0.009078749,1.171316933,0.59393411,1760,122.462847
1071,10/7/2021 0:00,5253,0.592522405,0.266459447,1.430095348,0.353050072,1990,150.290764
374,11/10/2019 0:00,2714,0.188461085,0.004688336,0.829142916,0.19520147,1270,90.762608
469,2/13/2020 0:00,3774,0.182868377,0.043135498,1.229481901,0.395632746,1550,107.554858
1072,10/8/2021 0:00,5516,0.494000058,0.118919997,1.460428058,0.570710594,1990,147.140005
687,9/18/2020 0:00,4023,0.097482558,0.028969122,1.153905552,0.520917668,1730,139.811607
982,7/10/2021 0:00,2982,0.395947026,0.053673933,0.840594553,0.361672479,1440,93.863737
814,1/23/2021 0:00,4291,0.385203551,0.393594224,1.289703471,0.713733886,2070,144.294102
841,2/19/2021 0:00,5563,0.72282708,0.202062237,1.328641824,0.703464221,2150,151.454579
194,5/14/2019 0:00,4301,0.152903119,0.136923373,1.230687118,0.559344834,670,48.023596
987,7/15/2021 0:00,4323,0.287321063,0.071161643,1.21130982,0.174525129,1440,100.774572
997,7/25/2021 0:00,2735,0.377856391,0.039055845,0.79278883,0.459788566,1370,99.328674
503,3/18/2020 0:00,4422,0.030125577,0.062333217,1.16499282,0.396443919,1660,103.91424
1073,10/9/2021 0:00,4028,0.628666287,0.11041417,1.289836107,0.56602105,1990,145.204824
959,6/17/2021 0:00,4533,0.369763512,0.158540796,1.169748708,0.204091673,1990,127.657585
579,6/2/2020 0:00,4539,0.056613797,0.080706755,1.283667217,0.518616491,1510,103.202223
160,4/10/2019 0:00,4315,0.075036791,0.121882395,1.213674912,0.440708102,639,45.34357
680,9/11/2020 0:00,4705,0.070434777,0.038422119,1.328602123,0.647638102,1730,131.707283
1039,9/5/2021 0:00,2967,0.628671717,0.052254545,0.812051756,0.535264993,1760,128.094799
162,4/12/2019 0:00,4131,0.07107073,0.106807279,1.184258404,0.417230803,639,46.415319
705,10/6/2020 0:00,4933,0.071354682,0.016748301,1.300707385,0.629826555,1930,137.953248
1011,8/8/2021 0:00,2894,0.523308596,0.174474522,0.804929576,0.499643458,1450,112.005261
152,4/2/2019 0:00,4190,0.067938381,0.048455753,1.215506975,0.555242262,638,44.849122
789,12/29/2020 0:00,4764,0.311956202,0.153354409,1.276643447,0.466495921,1860,134.096926
809,1/18/2021 0:00,4588,0.41829733,0.197233895,1.342526855,0.663990783,2060,151.611247
874,3/24/2021 0:00,4985,0.691849196,0.211292239,1.353617987,0.642824002,2190,163.071648
111,2/20/2019 0:00,3849,0.025561693,0.110180159,1.1915221,0.329697328,606,44.810549
226,6/15/2019 0:00,4255,0.158168063,0.0443451,1.233728966,0.452905275,741,54.082274
796,1/5/2021 0:00,5039,0.405905726,0.444141347,1.292713083,0.893174316,1860,148.06661
103,2/12/2019 0:00,3463,0.018074954,0.037784605,1.304964063,0.274291586,606,45.052997
421,12/27/2019 0:00,3501,0.117181033,0.010859199,1.017240097,0.280788753,1290,97.839067
419,12/25/2019 0:00,3045,0.092288548,0.016092969,0.889324688,0.259486517,1290,97.340808
868,3/18/2021 0:00,5728,0.790927422,0.266819334,1.261881092,0.471336489,2140,154.598952
586,6/9/2020 0:00,3728,0.073049628,0.027149432,1.176594881,0.506079903,1370,112.208528
902,4/21/2021 0:00,7102,0.590140543,0.298619566,1.306862505,0.599576509,2360,141.475361
672,9/3/2020 0:00,5088,0.075765399,0.075799122,1.295405659,0.384956717,1760,126.308447
119,2/28/2019 0:00,3687,0.035550549,0.063659172,1.130737273,0.332833032,607,43.33908
53,12/24/2018 0:00,2745,0.047212234,0.106651745,0.932735355,0.170649872,511,39.629043
151,4/1/2019 0:00,4268,0.034348202,0.008928488,1.205358125,0.339677399,638,45.392748
403,12/9/2019 0:00,3371,0.123226263,0.002129949,1.089033696,0.356075232,1290,97.608665
1079,10/15/2021 0:00,5137,0.662251712,0.099146062,1.296617191,0.597406116,1990,143.388852
207,5/27/2019 0:00,4245,0.215573589,0.052142844,1.190717216,0.521102946,670,52.231163
658,8/20/2020 0:00,4557,0.101219537,0.057922384,1.265249952,0.403657283,1690,123.363117
1064,9/30/2021 0:00,4024,0.557874901,0.061840624,1.253955175,0.378580993,1900,139.363191
882,4/1/2021 0:00,5438,0.715921199,0.218300514,1.336590924,0.480689108,2190,164.904748
8,11/9/2018 0:00,3744,0.074116303,0.076907418,1.13519578,0.360036121,718,48.468825
931,5/20/2021 0:00,6135,0.377043776,1,1.304127188,0.382085695,2500,157.288751
36,12/7/2018 0:00,3947,0.003894464,0.165639857,1.222291368,0.288193623,565,37.19101
452,1/27/2020 0:00,3374,0.126615838,0.020578044,1.055952767,0.434464719,1480,113.223665
651,8/13/2020 0:00,4478,0.095524624,0.036727569,1.207145844,0.406486268,1690,126.347973
253,7/12/2019 0:00,3990,0.266292475,0.118523427,1.232422543,0.510381765,906,65.329589
303,8/31/2019 0:00,3187,0.208119046,0.027449843,0.874326187,0.24027994,1020,76.873724
864,3/14/2021 0:00,4498,0.795831546,0.304250086,1.316139204,0.775361213,2140,154.598952
571,5/25/2020 0:00,4056,0.040037485,0.039830238,1.2793314,0.478361462,1510,91.494526
623,7/16/2020 0:00,4829,0.050455263,0.018321174,1.276772463,0.373667248,1730,122.988998
820,1/29/2021 0:00,5646,0.460743986,0.317371414,1.313147296,0.645701252,2080,151.113602
832,2/10/2021 0:00,5732,0.59283715,0.395727372,1.290298839,0.744080463,2140,165.150694
822,1/31/2021 0:00,4650,0.380707992,0.168495919,1.310972458,0.819468145,2080,150.095786
262,7/21/2019 0:00,3011,0.204453519,0.065045651,0.887190201,0.140717444,906,64.49757
610,7/3/2020 0:00,3847,0.06896351,0.025840284,1.198966086,0.573016441,1580,119.940131
297,8/25/2019 0:00,2877,0.203381493,0.029170566,0.804201897,0.129904403,1020,74.482723
414,12/20/2019 0:00,3295,0.12525925,0.021185685,0.961809929,0.26424768,1290,92.925416
150,3/31/2019 0:00,3993,0.034613255,0.024926395,1.173565871,0.232543439,638,45.880051
910,4/29/2021 0:00,5473,0.585142956,0.169853003,1.364329738,0.431462913,2360,161.102932
778,12/18/2020 0:00,5052,0.298982615,0.36384026,1.271535987,0.528940649,1870,131.791042
640,8/2/2020 0:00,4139,0.08660639,0.068026345,1.353125277,0.537452513,1680,123.681092
1024,8/21/2021 0:00,3156,0.636235364,0.116369015,0.842739371,0.510478296,1560,124.611387
550,5/4/2020 0:00,3799,0.17524545,0.047517828,1.086099006,0.562681385,1600,116.956399
913,5/2/2021 0:00,3019,0.873718058,0.098551518,1.407752259,0.775499782,2060,157.685931
488,3/3/2020 0:00,3509,0.163834554,0.027122355,1.144225732,0.49040294,1550,115.501741
710,10/11/2020 0:00,3659,0.079375884,0.022910144,1.066880514,0.576614561,1930,140.610836
147,3/28/2019 0:00,4217,0.03897383,0.034716004,1.217287404,0.417168525,638,45.660542
146,3/27/2019 0:00,3966,0.040465467,0.016360059,1.199629819,0.404149281,638,45.849306
834,2/12/2021 0:00,5773,0.644209868,0.304670066,1.272982458,0.715807747,2140,160.71129
345,10/12/2019 0:00,3495,0.123891882,0.035712749,0.971500256,0.221007972,1300,98.269788
1009,8/6/2021 0:00,3829,0.488791599,0.178131257,1.037619541,0.468822009,1450,110.629262
1018,8/15/2021 0:00,2489,0.642930626,0.083406342,0.823579588,0.458295447,1560,113.148143
659,8/21/2020 0:00,4131,0.110213315,0.022537198,1.344396961,0.567822445,1690,123.242763
770,12/10/2020 0:00,5063,0.156045493,0.111331217,1.306710523,0.46987451,1920,137.948519
348,10/15/2019 0:00,3416,0.1532797,0.011453956,0.99594732,0.348061593,1300,94.280759
463,2/7/2020 0:00,3742,0.167273727,0.040019887,1.28319559,0.341405617,1550,111.149977
325,9/22/2019 0:00,3289,0.218571378,0.01405082,0.850795608,0.228669739,1190,92.631414
186,5/6/2019 0:00,4253,0.085216229,0.009594415,1.222187444,0.409366631,670,48.827339
123,3/4/2019 0:00,3532,0.024245977,0.017092329,1.104753978,0.305265616,607,44.62818
986,7/14/2021 0:00,3224,0.411191728,0.054185095,0.909874071,0.231520521,1440,95.980639
608,7/1/2020 0:00,4303,0.072278732,0.01193186,1.295763333,0.390776608,1580,114.784988
143,3/24/2019 0:00,2492,0.03752064,0.010081168,0.753646587,0.167537523,637,47.019955
751,11/21/2020 0:00,3691,0.211762615,0.110119785,1.15017216,0.694863611,1760,133.025455
1066,10/2/2021 0:00,3239,0.689649983,0.209314734,0.942906436,0.652424176,1900,139.093368
197,5/17/2019 0:00,4534,0.142134069,0.085196967,1.261404709,0.569837143,670,48.88031
609,7/2/2020 0:00,3854,0.069408245,0.023208737,1.133437396,0.309967615,1580,117.362563
836,2/14/2021 0:00,4410,0.604894633,0.1215113,1.323906899,0.808223828,2140,157.086559
279,8/7/2019 0:00,4249,0.249291877,0.113611802,1.134389882,0.367162297,999,74.077369
293,8/21/2019 0:00,4997,0.178356422,0.030610415,1.188414015,0.450009342,1020,73.227078
970,6/28/2021 0:00,6343,0.210774477,0.104552655,1.370945632,0.466134708,1990,93.424359
400,12/6/2019 0:00,3390,0.118366759,0.018976985,1.059103821,0.349241764,1290,93.585274
122,3/3/2019 0:00,3359,0.03112439,0.029972041,1.003580384,0.171222831,607,44.232555
183,5/3/2019 0:00,4263,0.085504141,0.013583993,1.228199987,0.475312948,635,50.033464
202,5/22/2019 0:00,4207,0.177972848,0.036696145,1.201243293,0.523114529,670,51.222568
438,1/13/2020 0:00,3160,0.131999754,0.004422534,0.981562832,0.476542941,1380,105.144997
835,2/13/2021 0:00,4805,0.652743932,0.20976342,1.31935751,0.677799402,2140,157.334595
246,7/5/2019 0:00,3623,0.297537703,0.033184319,1.027819063,0.478864358,793,63.61701
415,12/21/2019 0:00,2677,0.148044316,0.009402516,0.756153597,0.190161612,1290,93.370682
898,4/17/2021 0:00,6646,0.534549253,0.277748796,1.355659176,0.809411783,2360,164.404171
885,4/4/2021 0:00,4118,0.686504403,0.102665162,1.370052185,0.857683565,2310,162.156065
1034,8/31/2021 0:00,4399,0.510202238,0.06893652,1.141913701,0.586111976,1760,126.249209
889,4/8/2021 0:00,5557,0.640462121,0.230746328,1.314213851,0.534994084,2310,166.049721
1022,8/19/2021 0:00,3773,0.521785902,0.092592615,1.114092584,0.255591019,1560,120.92193
129,3/10/2019 0:00,2561,0.026809189,0.027113198,0.783473353,0.128350564,607,42.515349
637,7/30/2020 0:00,4768,0.087877686,0.072137418,1.287137022,0.47657408,1680,126.909829
402,12/8/2019 0:00,2874,0.123208092,0.002836665,0.83522775,0.194337361,1290,96.880815
906,4/25/2021 0:00,4082,0.593157126,0.136687942,1.342451369,0.651584979,2360,146.198399
892,4/11/2021 0:00,4388,0.71694295,0.209613193,1.377041414,0.847655228,2310,171.868016
735,11/5/2020 0:00,4580,0.214906062,0.087956605,1.281835374,0.382017189,1680,115.107146
854,3/4/2021 0:00,5686,0.543744089,0.246526767,1.287553852,0.536328393,2170,155.507415
1037,9/3/2021 0:00,4478,0.562211306,0.097195761,1.2684945,0.493396961,1760,126.093318
219,6/8/2019 0:00,4041,0.108808678,0.040280551,1.143843968,0.2517578,746,54.563917
641,8/3/2020 0:00,4058,0.108697296,0.083427572,1.326875364,0.704301862,1680,121.087964
1,11/2/2018 0:00,3487,0.094360433,0.054759343,1.11705493,0.397255091,718,52.845282
958,6/16/2021 0:00,5098,0.359092879,0.169956564,1.35400787,0.27862303,1990,129.079872
983,7/11/2021 0:00,3374,0.301750408,0.048667238,1.110524304,0.396451703,1440,96.184637
80,1/20/2019 0:00,2667,0.03289149,0.056899515,0.805785057,0.107825248,588,39.373101
624,7/17/2020 0:00,4873,0.036720541,0.019943394,1.264411822,0.521348944,1730,121.358766
968,6/26/2021 0:00,5408,0.182673742,0.145897333,1.420391607,0.398939715,1990,101.917483
880,3/30/2021 0:00,5503,0.719312985,0.237925664,1.312332404,0.756050321,2190,166.457524
386,11/22/2019 0:00,4656,0.104258091,0.040161865,1.250728333,0.462693841,1300,92.753028
1075,10/11/2021 0:00,4352,0.63878083,0.085012835,1.266067712,0.59238027,1990,143.257234
806,1/15/2021 0:00,4940,0.490919798,0.304243371,1.315265806,0.638519026,2060,149.884529
509,3/24/2020 0:00,3768,0.087724757,0.081758595,1.170288614,0.357727159,1660,94.275136
267,7/26/2019 0:00,3434,0.212955533,0.033729721,0.957042542,0.393758174,901,66.422512
944,6/2/2021 0:00,3864,0.481641815,0.138812687,1.291096494,0.354552532,2100,148.302839
441,1/16/2020 0:00,3189,0.169676925,0.043271847,0.983502176,0.392403625,1480,104.842225
496,3/11/2020 0:00,3932,0.095884651,0.041194441,1.20830879,0.534091051,1660,120.625752
829,2/7/2021 0:00,4371,0.482335154,0.249396529,1.393552788,0.858357726,2140,156.496366
112,2/21/2019 0:00,3962,0.018345305,0.066330766,1.178449504,0.282130846,606,43.820499
691,9/22/2020 0:00,4909,0.060146619,0.053127932,1.286297791,0.670905213,1930,138.113016
232,6/21/2019 0:00,4927,0.170473144,0.019914934,1.265748887,0.536400012,741,55.882396
1002,7/30/2021 0:00,3746,0.495603249,0.08413396,0.92933541,0.426209753,1370,104.766021
607,6/30/2020 0:00,3922,0.054760226,0.023591042,1.189839531,0.54701065,1580,116.018162
671,9/2/2020 0:00,4670,0.098066911,0.047759288,1.293518292,0.584816591,1760,126.059072
373,11/9/2019 0:00,3442,0.151573351,0.042344716,1.062813049,0.32566949,1270,90.783753
826,2/4/2021 0:00,5367,0.519338098,0.214366944,1.286774544,0.635978078,2080,147.729744
663,8/25/2020 0:00,4956,0.076125968,0.015907514,1.318086656,0.638595317,1760,123.297692
974,7/2/2021 0:00,5856,0.213509173,0.094328252,1.403917178,0.369955471,1990,87.620725
233,6/22/2019 0:00,4520,0.206071689,0.034352855,1.209288709,0.519278196,741,53.985663
818,1/27/2021 0:00,5234,0.337484321,0.239095928,1.286615401,0.694248614,2080,148.185308
907,4/26/2021 0:00,5760,0.565825062,0.174059951,1.314773175,0.612505449,2360,149.045332
676,9/7/2020 0:00,3682,0.099816476,0.020139837,1.280486143,0.677582986,1740,125.061572
317,9/14/2019 0:00,3173,0.210006813,0.022053538,0.903661329,0.282060783,1190,87.940628
648,8/10/2020 0:00,4654,0.094135735,0.010834748,1.249095445,0.591522389,1690,124.667385
410,12/16/2019 0:00,3206,0.125368646,0.003124569,1.038496834,0.372392103,1290,90.347137
1028,8/25/2021 0:00,3792,0.585038646,0.095939168,0.960131463,0.354913745,1640,125.274213
709,10/10/2020 0:00,4092,0.085564349,0.030053712,1.298188839,0.657236719,1930,141.724961
358,10/25/2019 0:00,3814,0.122407742,0.015979063,1.190200377,0.405351249,1370,100.207781
258,7/17/2019 0:00,4275,0.156736594,0.12264415,1.15372491,0.403352121,906,65.398734
744,11/14/2020 0:00,4042,0.144766058,0.075430107,1.290196641,0.717084449,1680,126.609372
627,7/20/2020 0:00,4157,0.054873476,0.00234627,1.287877816,0.601988229,1730,115.473898
632,7/25/2020 0:00,4088,0.064214103,0.032654129,1.370815563,0.678591891,1730,119.239871
282,8/10/2019 0:00,3200,0.233351439,0.048862802,0.910549139,0.222482406,999,74.566507
376,11/12/2019 0:00,3548,0.136712673,0.023380689,1.034111785,0.298249984,1270,93.145448
384,11/20/2019 0:00,3523,0.134301078,0.017501541,1.025924303,0.335708725,1270,94.937564
224,6/13/2019 0:00,4537,0.154221285,0.045835337,1.264188841,0.556954911,746,53.875247
1063,9/29/2021 0:00,4316,0.395166449,0.079083181,1.151118546,0.500375226,1900,139.902835
938,5/27/2021 0:00,5030,0.347071459,0.205496584,1.262394282,0.258404434,2500,147.273717
472,2/16/2020 0:00,3160,0.173959281,0.027958192,0.93476688,0.426725104,1550,108.343411
347,10/14/2019 0:00,3586,0.131932129,0.012817309,1.059371319,0.316270163,1300,95.85501
505,3/20/2020 0:00,4775,0.063304581,0.100451937,1.264478073,0.155242262,1660,96.508587
639,8/1/2020 0:00,4405,0.089704953,0.062342863,1.287825234,0.619743725,1680,124.781881
1082,10/18/2021 0:00,4421,0.708652987,0.077561719,1.212650628,0.708832596,1990,144.095201
797,1/6/2021 0:00,4850,0.507749626,0.316236301,1.293667921,0.700720869,1860,148.727032
339,10/6/2019 0:00,2934,0.1418783,0.009843845,0.813034282,0.194441677,1280,91.428959
555,5/9/2020 0:00,4276,0.168321728,0.098283582,1.292073691,0.521493741,1610,121.853508
619,7/12/2020 0:00,3275,0.057552667,0.001467029,0.979820947,0.562139565,1580,124.421123
988,7/16/2021 0:00,3583,0.339657629,0.06868038,0.930522387,0.377651492,1440,99.652587
926,5/15/2021 0:00,5184,0.4863243,0.173124097,1.347771789,0.481294762,2500,179.327828
645,8/7/2020 0:00,4391,0.109025351,0.05634185,1.301960691,0.581346142,1680,122.39418
978,7/6/2021 0:00,3927,0.360977043,0.074920494,1.097025444,0.403722675,1440,90.819461
556,5/10/2020 0:00,3164,0.193180692,0.057048809,1.246688794,0.586551037,1610,120.634706
681,9/12/2020 0:00,3501,0.093891886,0.024086516,1.060539071,0.636275456,1730,131.87359
577,5/31/2020 0:00,3123,0.06457548,0.033905995,1.05190532,0.52411098,1510,98.579624
795,1/4/2021 0:00,4622,0.464683228,0.300104115,1.318806191,0.981701127,1860,146.350014
85,1/25/2019 0:00,3502,0.021764811,0.039830552,1.017360051,0.283585041,588,42.453509
242,7/1/2019 0:00,4523,0.209832269,0.046539714,1.26303335,0.490139814,793,61.165896
698,9/29/2020 0:00,4854,0.075103594,0.026582261,1.274256454,0.590018372,1930,138.259696
1008,8/5/2021 0:00,3713,0.467098717,0.112424845,0.962914531,0.269162982,1450,109.693177
159,4/9/2019 0:00,4376,0.060235367,0.158134442,1.251238629,0.407884412,639,46.463227
524,4/8/2020 0:00,3600,0.114373666,0.048954032,1.116311861,0.374392788,1440,105.320088
35,12/6/2018 0:00,3337,0.022205268,0.122380347,1.09192977,0.265118017,565,36.738876
540,4/24/2020 0:00,4126,0.123615718,0.05582935,1.273850389,0.295631189,1600,109.962751
170,4/20/2019 0:00,3949,0.061045677,0.050867081,1.240556481,0.227937971,639,44.76425
654,8/16/2020 0:00,3625,0.098848469,0.023985433,1.147488007,0.623225073,1690,129.075393
748,11/18/2020 0:00,4359,0.218890997,0.126100888,1.262037065,0.550910818,1760,126.964112
990,7/18/2021 0:00,2801,0.322078452,0.040306804,0.803860868,0.406967366,1370,99.739877
979,7/7/2021 0:00,4466,0.30732631,0.07348672,1.173740122,0.273343402,1440,92.56357
484,2/28/2020 0:00,3614,0.168801653,0.038713063,1.082665158,0.326194183,1550,111.571073
733,11/3/2020 0:00,4805,0.14779852,0.055801761,1.282563386,0.694415208,1790,106.649828
899,4/18/2021 0:00,5939,0.702667527,0.132446038,1.29418196,0.63738245,2360,153.847005
95,2/4/2019 0:00,3244,0.023109797,0.017555717,1.012398531,0.227318304,581,42.223715
563,5/17/2020 0:00,4432,0.032392123,0.028839739,1.327792324,0.42233761,1610,109.449947
240,6/29/2019 0:00,3553,0.301159684,0.071270065,1.148651322,0.409564364,793,59.739283
742,11/12/2020 0:00,4180,0.174001198,0.086115472,1.247600381,0.381850595,1680,126.72859
863,3/13/2021 0:00,5060,0.725036875,0.213330123,1.407024189,0.798349629,2140,155.997206
574,5/28/2020 0:00,4296,0.050201852,0.038855466,1.281801489,0.288101762,1510,92.882001
690,9/21/2020 0:00,4215,0.07529644,0.013850103,1.206441297,0.582451579,1930,139.904506
460,2/4/2020 0:00,3638,0.142352437,0.026326348,1.194789614,0.479550975,1550,114.400103
891,4/10/2021 0:00,4800,0.787042362,0.12063715,1.351301427,0.824456623,2310,167.595962
553,5/7/2020 0:00,4339,0.179856456,0.08234231,1.31399202,0.500439061,1610,120.652101
857,3/7/2021 0:00,4285,0.593128651,0.091194418,1.369775685,0.814389363,2140,151.68879
1012,8/9/2021 0:00,3749,0.510714742,0.125976949,1.125952382,0.460662017,1450,112.417045
206,5/26/2019 0:00,3523,0.170371827,0.011686725,1.00135643,0.259542567,670,52.135938
392,11/28/2019 0:00,2973,0.149010694,0.061611831,0.873442442,0.347029333,1300,88.179081
794,1/3/2021 0:00,4743,0.413952581,0.432109362,1.288693924,0.957107492,1860,145.103346
870,3/20/2021 0:00,4726,0.753001753,0.153726366,1.335281006,0.778702435,2190,157.420618
397,12/3/2019 0:00,3223,0.132057921,0.014593102,0.961583019,0.39740923,1300,89.365138
766,12/6/2020 0:00,3889,0.166229607,0.028032872,1.348579647,0.682649312,1920,133.755752
980,7/8/2021 0:00,4067,0.334811594,0.056828141,1.030018576,0.197510432,1440,92.511259
217,6/6/2019 0:00,4094,0.157735804,0.041299398,1.158709758,0.454868593,746,51.741225
4,11/5/2018 0:00,3192,0.093638421,0.050436008,1.043402881,0.344485271,718,53.30908
768,12/8/2020 0:00,4689,0.18905455,0.047756914,1.286537521,0.625208632,1920,137.948519
642,8/4/2020 0:00,4551,0.089689656,0.042405379,1.310942876,0.618273962,1680,122.154895
461,2/5/2020 0:00,3449,0.19156276,0.020612127,1.084759063,0.377235785,1550,113.56628
942,5/31/2021 0:00,4128,0.387362052,0.095896603,1.440666773,0.595392975,2100,150.29173
612,7/5/2020 0:00,2975,0.063398349,0.004253454,0.921691712,0.611129103,1580,121.956641
738,11/8/2020 0:00,3730,0.138819721,0.093190725,1.372073688,0.62842374,1680,121.130852
960,6/18/2021 0:00,4487,0.333639046,0.141509014,1.164026726,0.372462166,1990,128.42192
546,4/30/2020 0:00,4603,0.155362432,0.14080969,1.268807178,0.417537523,1600,113.216515
725,10/26/2020 0:00,4817,0.07640992,0.027057621,1.340452455,0.533502522,2000,132.921756
1080,10/16/2021 0:00,4867,0.625786608,0.252487368,1.295533406,0.675021797,1990,146.355518
683,9/14/2020 0:00,3930,0.103550091,0.017861543,1.160497602,0.669348259,1730,136.485959
98,2/7/2019 0:00,2854,0.035870406,0.037425975,0.942216902,0.256472255,581,43.48114
804,1/13/2021 0:00,4724,0.434763755,0.416387621,1.264865664,0.659024102,2060,151.697119
727,10/28/2020 0:00,5577,0.089793357,0.094752859,1.28783919,0.472980632,2000,124.401131
573,5/27/2020 0:00,3980,0.060583659,0.029915165,1.34352729,0.384243632,1510,90.471237
406,12/12/2019 0:00,3606,0.098133012,0.008987648,1.095938008,0.344528866,1290,93.446264
502,3/17/2020 0:00,4293,0.050471898,0.111893449,1.231597098,0.335503207,1660,104.97219
47,12/18/2018 0:00,3294,0.013590243,0.150462323,1.078395297,0.236116647,562,37.932473
32,12/3/2018 0:00,3433,0.014190847,0.091294925,1.101028246,0.181665317,619,37.987563
929,5/18/2021 0:00,5965,0.343842694,0.423094839,1.33218696,0.600520022,2500,167.614165
779,12/19/2020 0:00,4456,0.281009097,0.139113524,1.265624475,0.667500156,1870,133.832921
839,2/17/2021 0:00,5716,0.617423074,0.275908167,1.291019471,0.809575263,2140,150.997932
200,5/20/2019 0:00,4093,0.168789905,0.08464925,1.177317634,0.478173071,670,51.455053
134,3/15/2019 0:00,3388,0.040482075,0.045081613,0.987588412,0.387016566,607,42.890747
27,11/28/2018 0:00,3461,0.018769882,0.190771808,1.111968441,0.225203961,665,40.822456
1014,8/11/2021 0:00,4051,0.506884075,0.0998926,1.108843374,0.326899483,1450,112.931775
230,6/19/2019 0:00,3992,0.219229739,0.02087542,1.159557627,0.551292271,741,53.931004
489,3/4/2020 0:00,3333,0.189156543,0.018875572,1.226066102,0.457551224,1550,116.468615
772,12/12/2020 0:00,4571,0.155357571,0.084182296,1.296116386,0.642134272,1920,133.45907
378,11/14/2019 0:00,3118,0.186911479,0.008812363,0.981337769,0.350980881,1270,90.699369
288,8/16/2019 0:00,3759,0.20539664,0.099172303,1.035984741,0.347395217,999,74.456151
418,12/24/2019 0:00,3631,0.090843915,0.030505726,1.111658016,0.142640281,1290,98.740228
674,9/5/2020 0:00,4731,0.07627944,0.090180586,1.276079518,0.596971726,1760,122.817197
391,11/27/2019 0:00,3674,0.108367837,0.026239342,1.185653101,0.399252662,1300,88.200108
592,6/15/2020 0:00,4111,0.047861417,0.012081637,1.129341761,0.423838513,1370,113.318062
498,3/13/2020 0:00,4383,0.052550815,0.173447122,1.296698272,0.161635112,1660,116.070928
138,3/19/2019 0:00,2968,0.055141787,0.028532953,0.909794954,0.375621224,607,45.511523
62,1/2/2019 0:00,2738,0.037192254,0.068377751,0.947860662,0.164573083,562,41.167952
471,2/15/2020 0:00,3573,0.180494634,0.030734587,1.09961007,0.255438438,1550,107.93259
647,8/9/2020 0:00,3373,0.098519354,0.019146809,1.250962391,0.659796351,1680,122.872749
1003,7/31/2021 0:00,3258,0.489438067,0.144895207,0.81558393,0.441763717,1430,107.775981
128,3/9/2019 0:00,2949,0.03206371,0.0921724,0.882423514,0.231079903,607,42.256635
1077,10/13/2021 0:00,3851,0.73543778,0.155203924,1.107308355,0.566584667,1990,138.585678
520,4/4/2020 0:00,2937,0.117793504,0.044366302,1.077272732,0.384679579,1390,101.763312
838,2/16/2021 0:00,5844,0.50547618,0.215668882,1.29682724,0.894001059,2140,154.346677
1068,10/4/2021 0:00,3914,0.569133225,0.049870021,1.167222923,0.738076851,1900,146.51348
64,1/4/2019 0:00,2961,0.032431312,0.047758504,0.959198758,0.22510743,562,41.374351
812,1/21/2021 0:00,5420,0.339323932,0.280411257,1.313049093,0.465107118,2060,148.830732
14,11/15/2018 0:00,3696,0.056504136,0.329451473,1.193645071,0.332843931,718,46.93823
156,4/6/2019 0:00,3762,0.059395377,0.0980741,1.211691266,0.261434265,638,45.800467
40,12/11/2018 0:00,3157,0.008891958,0.107447262,1.07667292,0.190557078,565,35.927585
492,3/7/2020 0:00,3124,0.179241787,0.01836176,0.90962293,0.298080277,1550,121.307726
379,11/15/2019 0:00,3418,0.167996389,0.01159601,1.113353424,0.413786822,1270,92.859958
187,5/7/2019 0:00,4985,0.070990908,0.01863954,1.267977197,0.418410973,670,48.660339
763,12/3/2020 0:00,4591,0.226416659,0.090344707,1.310205045,0.423396338,1920,130.449316
216,6/5/2019 0:00,4198,0.160353092,0.086183215,1.239725519,0.500249113,746,51.549892
921,5/10/2021 0:00,4447,0.879476793,0.160671784,1.374446744,0.773435262,2060,177.67259
791,12/31/2020 0:00,4680,0.379011881,0.229127874,1.277365012,0.782569907,1860,137.514351
52,12/23/2018 0:00,2188,0.056291754,0.089504002,0.740468193,0.095796226,511,37.857979
878,3/28/2021 0:00,3861,0.716574434,0.123760966,1.315239252,0.919443233,2190,165.991691
337,10/4/2019 0:00,3692,0.139488585,0.028864093,1.086928381,0.366645388,1280,90.16037
719,10/20/2020 0:00,4522,0.09328997,0.036064128,1.226298278,0.626514916,2000,141.671571
295,8/23/2019 0:00,3782,0.207091984,0.03677584,1.095520869,0.396330261,1020,71.347701
1016,8/13/2021 0:00,4340,0.494689317,0.106985556,1.243908021,0.496261755,1530,113.137667
455,1/30/2020 0:00,3257,0.188802741,0.033717876,1.007421212,0.409115962,1550,111.290378
815,1/24/2021 0:00,4123,0.339291113,0.122928667,1.307027871,0.743333126,2080,145.607574
269,7/28/2019 0:00,2477,0.216245366,0.053939522,0.70364656,0.127400822,901,67.78924
995,7/23/2021 0:00,4202,0.308663773,0.056739774,1.053501852,0.520533101,1370,101.138948
201,5/21/2019 0:00,4503,0.16106778,0.07155459,1.258643059,0.540813975,670,51.172297
161,4/11/2019 0:00,4267,0.079551421,0.108234903,1.201692847,0.483451143,639,45.629843
729,10/30/2020 0:00,5468,0.108101698,0.064109088,1.294094279,0.363125117,2000,116.022516
401,12/7/2019 0:00,2855,0.140655504,0.016593784,0.865809871,0.242028399,1290,94.315178
702,10/3/2020 0:00,4010,0.081963399,0.039460328,1.324275397,0.595956592,1930,135.516448
565,5/19/2020 0:00,4506,0.055796493,0.064665013,1.333283061,0.489337983,1610,98.356274
1021,8/18/2021 0:00,4229,0.451189177,0.115588649,1.248408874,0.381951797,1560,121.141397
1025,8/22/2021 0:00,2742,0.60997481,0.084601176,0.83821425,0.508261194,1560,125.274213
205,5/25/2019 0:00,4069,0.138381727,0.041753672,1.177713414,0.312999004,670,52.753976
34,12/5/2018 0:00,3156,0.021526272,0.114382657,1.036768085,0.19978514,565,37.101458
775,12/15/2020 0:00,4775,0.184330228,0.041371666,1.292509964,0.84357134,1870,133.351912
508,3/23/2020 0:00,4231,0.056235414,0.040975349,1.160538375,0.227639036,1660,95.097986
1074,10/10/2021 0:00,3255,0.674906501,0.045171103,0.881602868,0.571717942,1990,141.032003
91,1/31/2019 0:00,3340,0.027346606,0.042809773,1.015420213,0.276851218,581,42.182366
897,4/16/2021 0:00,7236,0.578634979,0.143752684,1.317298553,0.56770256,2360,172.130189
564,5/18/2020 0:00,4311,0.067998191,0.047587339,1.352731383,0.458371738,1610,101.672939
776,12/16/2020 0:00,4902,0.200643857,0.083204867,1.309532699,0.694384069,1870,132.323572
241,6/30/2019 0:00,3730,0.245060432,0.050364151,1.003498868,0.291080214,793,62.124771
13,11/14/2018 0:00,3472,0.077073632,0.067416064,1.094776667,0.334511428,718,46.683131
315,9/12/2019 0:00,3547,0.209451053,0.030566755,0.979857646,0.395372735,1080,88.889491
600,6/23/2020 0:00,4112,0.070167446,0.034456102,1.304964854,0.523122314,1580,108.235121
387,11/23/2019 0:00,2995,0.152462238,0.081384107,0.841518728,0.318610263,1300,90.641806
166,4/16/2019 0:00,3957,0.065691979,0.056366656,1.25263491,0.389062403,639,44.945849
840,2/18/2021 0:00,5706,0.649118958,0.330311258,1.305050285,0.577276266,2140,150.236854
20,11/21/2018 0:00,3976,0.018316671,0.451606968,1.213546219,0.252899047,665,44.640705
646,8/8/2020 0:00,4129,0.087751894,0.060125666,1.327259739,0.675860995,1680,122.274537
831,2/9/2021 0:00,5942,0.622071456,0.575671436,1.278955734,0.851849661,2140,165.861253
562,5/16/2020 0:00,4320,0.04983286,0.087848958,1.262686357,0.455425982,1610,110.593624
1062,9/28/2021 0:00,3870,0.473241714,0.070844529,1.184401961,0.603028274,1900,135.671903
686,9/17/2020 0:00,3977,0.10880342,0.040766456,1.268264388,0.351203525,1730,137.347966
957,6/15/2021 0:00,5041,0.394651931,0.236212841,1.294162252,0.400007785,1990,132.807547
189,5/9/2019 0:00,4247,0.099103311,0.02122917,1.258699753,0.480995827,670,47.908385
975,7/3/2021 0:00,4395,0.326064525,0.060527721,1.420467622,0.419916547,1560,84.789684
699,9/30/2020 0:00,4554,0.090294671,0.020364538,1.324411436,0.518007722,1930,139.905645
510,3/25/2020 0:00,4569,0.045618976,0.081667006,1.125291511,0.34109267,1660,95.333086
474,2/18/2020 0:00,3444,0.189924856,0.029576404,1.122872727,0.420383633,1550,111.150619
856,3/6/2021 0:00,4417,0.596582115,0.231071959,1.352091625,0.735648004,2150,152.730497
747,11/17/2020 0:00,4464,0.180887624,0.084589562,1.282460433,0.719633182,1760,124.86993
252,7/11/2019 0:00,4740,0.202559237,0.152147826,1.25302507,0.448829171,906,66.436143
21,11/22/2018 0:00,3479,0.030853271,0.217588409,1.218455311,0.244527309,665,42.714093
459,2/3/2020 0:00,3409,0.169530724,0.01295675,1.190776919,0.382467148,1550,111.681439
276,8/4/2019 0:00,2768,0.244211767,0.037062868,0.825016581,0.173469515,901,72.972667
955,6/13/2021 0:00,3538,0.353821313,0.118599951,1.174923765,0.531556331,2080,136.465896
385,11/21/2019 0:00,4487,0.11984743,0.011666381,1.214479803,0.427609454,1280,95.569879
805,1/14/2021 0:00,5061,0.501307406,0.373750511,1.29648302,0.517858255,2060,150.562301
343,10/10/2019 0:00,3276,0.174351477,0.047233551,0.968209895,0.372965062,1290,95.68779
769,12/9/2020 0:00,4972,0.165826127,0.078465773,1.275817914,0.536795479,1920,136.860167
130,3/11/2019 0:00,3507,0.030604945,0.018492629,1.099574324,0.380942891,607,42.08355
871,3/21/2021 0:00,3823,0.733715498,0.114585658,1.455319064,0.732303668,2190,159.552423
87,1/27/2019 0:00,2968,0.022870238,0.041630987,0.881242818,0.11390048,588,43.163854
330,9/27/2019 0:00,3955,0.120061626,0.082400342,1.0954235,0.34591144,1280,91.434682
466,2/10/2020 0:00,3818,0.145749918,0.025907087,1.199867254,0.515415395,1550,110.381153
121,3/2/2019 0:00,3905,0.025145287,0.041301702,1.155579258,0.266084885,607,44.696377
1044,9/10/2021 0:00,4515,0.464794279,0.091533838,1.19447636,0.465418509,1840,135.548079
860,3/10/2021 0:00,5315,0.701752337,0.231033061,1.299936745,0.668231924,2140,156.532985
